name,profession,homeAddress,workAddress,email,phone
Cassondra Swane,Psychiatrist,638 Monument Lane,311 Messerschmidt Trail,cswane0@soup.io,6844145172
Andris Shernock,Lawyer,150 Elmside Center,910 Melby Park,ashernock1@elpais.com,2871392828
Berthe Gurley,Engineer,94345 Pawling Alley,2 Quincy Lane,bgurley2@wunderground.com,5308801524
Alexia Marchbank,Teacher,6807 Mockingbird Junction,5 Ridgeway Point,amarchbank3@cmu.edu,6896795004
Brand Leversha,Software Developer,6244 Esch Way,5 Esker Hill,bleversha4@mac.com,2641033038
Arvin Payler,Lawyer,5 Harper Center,1 John Wall Pass,apayler5@cbc.ca,4973907216
Lonnard Yelyashev,Psychiatrist,9909 Rowland Center,32163 Lakewood Gardens Terrace,lyelyashev6@hatena.ne.jp,1718641482
Hervey Cheer,Psychiatrist,1 Grayhawk Lane,93 Springview Junction,hcheer7@sina.com.cn,1807228888
Candide Towner,Engineer,3246 Rutledge Trail,56 Grim Junction,ctowner8@dagondesign.com,2709634945
Hertha Kubicek,Doctor,0 Village Point,2146 Kinsman Way,hkubicek9@stumbleupon.com,1361558145
Tamara Sparshott,Psychiatrist,2937 Declaration Parkway,1 Grayhawk Avenue,tsparshotta@dailymotion.com,1256915543
Cayla Spottiswood,Software Developer,21216 Annamark Court,689 Cody Plaza,cspottiswoodb@merriam-webster.com,3807321384
Wilie Senussi,Psychiatrist,61 Express Crossing,18561 Center Junction,wsenussic@cnbc.com,8004443405
Fulton Coulthart,Engineer,33 Ilene Terrace,34 Aberg Junction,fcoulthartd@123-reg.co.uk,4223145722
Roseann Blackmore,Engineer,2 Corscot Parkway,12 Wayridge Center,rblackmoree@blogspot.com,3274492428
Lesli Milhench,Software Developer,4039 Twin Pines Alley,978 Bunker Hill Street,lmilhenchf@aboutads.info,8124322889
Bernita McGuffie,Doctor,1 Dayton Alley,7153 Carberry Junction,bmcguffieg@google.co.uk,1194129932
Novelia Fishwick,Financial Analyst,5 Hintze Place,3346 Melody Point,nfishwickh@salon.com,9898027137
Emma Aldcorn,Engineer,117 Holmberg Terrace,0722 Tennyson Avenue,ealdcorni@spotify.com,8555114720
Benedikt Brighty,Psychiatrist,199 Oneill Point,43520 Kedzie Parkway,bbrightyj@amazon.co.jp,6536014566
Moise Jedrys,Psychiatrist,5 Caliangt Road,18207 Maple Road,mjedrysk@naver.com,4537131937
Richard Gainsford,Lawyer,35 Mockingbird Alley,5 Hoard Trail,rgainsfordl@nationalgeographic.com,9711496077
Jilleen Dorset,Psychiatrist,911 Namekagon Lane,4 Canary Junction,jdorsetm@sitemeter.com,1731112555
Taddeo Decourcy,Software Developer,32 American Ash Pass,92116 Fallview Court,tdecourcyn@aboutads.info,1438857422
Pate Blezard,Lawyer,6211 Hansons Trail,016 Holmberg Park,pblezardo@oaic.gov.au,8015292593
Karole Usborn,Doctor,7 Bobwhite Park,9891 Jenna Pass,kusbornp@cnet.com,7762128178
Ricca Muddicliffe,Doctor,018 Crownhardt Point,6775 Prairie Rose Terrace,rmuddicliffeq@aboutads.info,6039345230
Ellis Geindre,Engineer,41208 Mayfield Hill,53 Manitowish Junction,egeindrer@tinypic.com,2818135070
Derry Treend,Lawyer,29343 Hanson Crossing,421 Russell Circle,dtreends@about.com,1454983782
Osborne Dealtry,Psychiatrist,34 Randy Hill,17957 Division Plaza,odealtryt@foxnews.com,2619204333
Charita Morstatt,Teacher,16400 Bellgrove Hill,509 Roth Road,cmorstattu@icio.us,2338917156
Shel Murford,Teacher,000 Mockingbird Center,1266 Northview Avenue,smurfordv@woothemes.com,5289257782
Blayne Scurrah,Engineer,5401 Menomonie Way,52163 Westridge Drive,bscurrahw@princeton.edu,9757347987
Ellery MacEvilly,Teacher,3015 Sunbrook Plaza,315 Sachs Trail,emacevillyx@foxnews.com,4231675216
Carleton Newlan,Financial Analyst,5658 Morningstar Road,91 Hooker Crossing,cnewlany@google.co.uk,7073411127
Laurie Luther,Teacher,7442 Manitowish Parkway,3 Erie Point,llutherz@tuttocitta.it,7932897884
Sonia Nicolls,Engineer,49 Old Gate Street,133 Di Loreto Trail,snicolls10@noaa.gov,2509445638
Merrick MacAvaddy,Financial Analyst,5607 Forest Run Drive,2471 Eliot Alley,mmacavaddy11@disqus.com,6651065596
Denys Mahony,Doctor,494 Homewood Street,91198 Maple Wood Parkway,dmahony12@fc2.com,3955969648
Vance Jewson,Software Developer,41 Ridge Oak Hill,67836 Anthes Trail,vjewson13@twitpic.com,7662023391
Ulrica Stoeck,Lawyer,4780 Victoria Junction,99 Petterle Circle,ustoeck14@issuu.com,6913940352
Netta Roubert,Psychiatrist,15 Autumn Leaf Park,31 Hallows Circle,nroubert15@1und1.de,7532743054
Brodie Everly,Teacher,063 Esch Point,439 Buena Vista Road,beverly16@alexa.com,3178210164
Malinde Oatley,Doctor,05012 Farwell Drive,621 Declaration Parkway,moatley17@google.it,4436920574
Kim Marr,Lawyer,8 Gina Lane,93102 Buhler Center,kmarr18@pagesperso-orange.fr,9247006572
Sascha MacShane,Doctor,1 Kedzie Parkway,90 Maple Road,smacshane19@ehow.com,3185499952
Jonie Pleass,Software Developer,26 Bluestem Street,70 Bluestem Parkway,jpleass1a@sohu.com,6076869849
Roarke Leahair,Psychiatrist,43 Graedel Hill,0681 Harper Crossing,rleahair1b@about.com,2459183846
Stormy Hought,Teacher,4 Michigan Avenue,97273 Vernon Lane,shought1c@bluehost.com,2165815113
Desiri Kayzer,Doctor,9 Ludington Place,997 Loftsgordon Avenue,dkayzer1d@telegraph.co.uk,2415730684
Boothe Bathoe,Lawyer,1273 Farwell Street,613 Northridge Park,bbathoe1e@amazon.com,5678958102
Clari Depka,Software Developer,37 Hollow Ridge Street,64 Goodland Center,cdepka1f@com.com,2838100734
Dorian Earwicker,Teacher,9072 Straubel Crossing,4605 La Follette Point,dearwicker1g@psu.edu,1168582776
Ardeen Abbett,Financial Analyst,7175 Buena Vista Alley,8 Bellgrove Center,aabbett1h@icio.us,7366771360
Erich Lymer,Engineer,4137 Randy Way,635 Gina Crossing,elymer1i@cbslocal.com,4601519033
Kalila Chestnutt,Financial Analyst,592 Mcguire Street,06514 Rieder Pass,kchestnutt1j@nyu.edu,4052595368
Sybille Schiersch,Lawyer,7675 Dayton Place,7291 Onsgard Road,sschiersch1k@networkadvertising.org,9945373482
Tymothy Bellany,Financial Analyst,7760 Dovetail Court,1 Burning Wood Junction,tbellany1l@mapquest.com,3014418535
Gay Stetlye,Doctor,374 Northridge Center,4232 Bobwhite Park,gstetlye1m@ed.gov,4237035675
Markos Stiddard,Psychiatrist,9893 Gulseth Park,9445 Old Gate Park,mstiddard1n@wiley.com,1694807106
Blaire Treuge,Psychiatrist,4495 Carpenter Court,41791 Prairie Rose Road,btreuge1o@constantcontact.com,1636617167
Ilario Limprecht,Doctor,52829 Harbort Plaza,9 Heath Way,ilimprecht1p@princeton.edu,8682880034
Zack Toleman,Lawyer,877 Towne Crossing,65 Corben Avenue,ztoleman1q@multiply.com,9515973768
Alvin Renard,Doctor,8 Huxley Hill,77593 Nevada Park,arenard1r@narod.ru,2939055039
Wilma Branchet,Lawyer,80931 Hoard Park,72 Dunning Trail,wbranchet1s@wunderground.com,2933255215
Nana Mylchreest,Engineer,8544 Emmet Park,6 Westend Road,nmylchreest1t@aol.com,2062253218
Winslow Duffree,Doctor,160 Corry Street,97743 Lillian Drive,wduffree1u@usa.gov,1904308789
Stephine Lansdown,Doctor,57 Kinsman Street,0 Sachtjen Junction,slansdown1v@ucsd.edu,6345755018
Kaja Minto,Engineer,4 Hollow Ridge Alley,38961 Anhalt Hill,kminto1w@narod.ru,1534738138
Marice Tharme,Lawyer,4 Kings Parkway,96 Manitowish Avenue,mtharme1x@phoca.cz,3969133022
Mick Flement,Psychiatrist,4 Summer Ridge Alley,59 Mosinee Junction,mflement1y@examiner.com,5681144497
Aviva Popplestone,Financial Analyst,91592 Del Sol Drive,8 Columbus Crossing,apopplestone1z@w3.org,7807489082
Dosi Dawidowicz,Lawyer,82 Clove Park,829 Scofield Point,ddawidowicz20@amazon.com,2112051026
Jennie Blewitt,Lawyer,39576 Swallow Terrace,4 Starling Avenue,jblewitt21@google.com.hk,6436664382
Noelani Mattson,Psychiatrist,856 South Alley,25427 Farwell Pass,nmattson22@vimeo.com,7119740338
Cozmo Cornehl,Teacher,090 International Court,368 Browning Crossing,ccornehl23@dailymail.co.uk,5911801296
Maryanne Veschambes,Psychiatrist,48049 Forest Road,4474 Redwing Drive,mveschambes24@stumbleupon.com,7634228473
Brooke Witterick,Financial Analyst,70229 Ronald Regan Lane,65627 Surrey Court,bwitterick25@usgs.gov,7334250351
Meridel Paszek,Software Developer,7 Ramsey Park,3916 Raven Circle,mpaszek26@wordpress.com,3408943976
Silvie Dowsey,Lawyer,75224 Namekagon Road,66 American Way,sdowsey27@npr.org,7988945866
Matias Kinney,Doctor,273 Russell Plaza,07 Emmet Lane,mkinney28@macromedia.com,8606350757
Caye Persian,Lawyer,1 Anzinger Crossing,611 Eastwood Place,cpersian29@latimes.com,9483036457
Rayshell Van der Spohr,Doctor,5 Nova Drive,5340 Scoville Way,rvan2a@dropbox.com,5783309741
Coralie Blakes,Lawyer,6803 Holy Cross Parkway,155 Carberry Lane,cblakes2b@tinyurl.com,6041074086
Tuckie Neary,Software Developer,5056 Kensington Road,50817 Talisman Court,tneary2c@uol.com.br,2315781133
Pinchas Georgius,Psychiatrist,3646 Mallory Terrace,9 Esch Crossing,pgeorgius2d@cnbc.com,6463700014
Anatol Kitman,Teacher,693 Oneill Street,8 Golf Course Alley,akitman2e@wikimedia.org,6863806318
Catrina Koubek,Financial Analyst,24545 Dunning Park,82986 8th Way,ckoubek2f@admin.ch,1258339742
Yetty Wickersham,Software Developer,9 Gale Road,552 Northland Pass,ywickersham2g@ucsd.edu,4277278603
Ivett Symones,Engineer,526 Caliangt Avenue,438 Elmside Circle,isymones2h@yahoo.com,6589617398
Cassi Esposito,Lawyer,293 Farmco Alley,705 Hauk Terrace,cesposito2i@fda.gov,1162107646
Baudoin Basilotta,Psychiatrist,5287 Jackson Park,9673 Fremont Road,bbasilotta2j@rambler.ru,7996192371
Cherey Silverstone,Engineer,2933 Sage Center,936 Browning Way,csilverstone2k@latimes.com,5659989059
Jonell Sedgebeer,Psychiatrist,65031 Amoth Circle,77954 Roxbury Crossing,jsedgebeer2l@google.com,4067089416
Carma Kuhnt,Engineer,1619 Magdeline Park,6 Mesta Place,ckuhnt2m@topsy.com,9951319784
Amalita Aksell,Teacher,8202 Weeping Birch Alley,6 Dahle Pass,aaksell2n@blogtalkradio.com,5755816077
Jenelle Voden,Financial Analyst,6 Boyd Junction,524 Division Road,jvoden2o@ftc.gov,4655016392
Meggi Stairs,Teacher,68 Evergreen Park,6 Fremont Road,mstairs2p@facebook.com,5072104548
Essy Iremonger,Doctor,31 Anzinger Parkway,33 Kingsford Drive,eiremonger2q@dion.ne.jp,6397145130
Brig Bradane,Doctor,4 Darwin Pass,87 Columbus Crossing,bbradane2r@cloudflare.com,1165489023
Paulie Nangle,Software Developer,6 Mendota Drive,2 Clarendon Point,pnangle2s@freewebs.com,1782237627
Dareen Litchmore,Lawyer,41285 Burning Wood Hill,7 Transport Crossing,dlitchmore2t@youku.com,3752464599
Terrance Forsey,Doctor,23358 Waxwing Pass,105 Waywood Avenue,tforsey2u@usa.gov,8475212167
Ban Klimkov,Financial Analyst,86 David Trail,5441 Kenwood Terrace,bklimkov2v@histats.com,9838894245
Kaylee Ellesworthe,Psychiatrist,24 Kensington Plaza,20492 Prairieview Crossing,kellesworthe2w@posterous.com,5237028255
Nicko Thickins,Psychiatrist,9105 Lakewood Street,58 Tomscot Terrace,nthickins2x@spiegel.de,9765500294
Burtie Gabbott,Lawyer,68 Pennsylvania Circle,721 Sachtjen Crossing,bgabbott2y@patch.com,8679134369
Sargent Corradini,Lawyer,830 Waxwing Place,430 International Court,scorradini2z@alibaba.com,6367986905
Prissie Massei,Software Developer,86088 Mifflin Road,9 High Crossing Parkway,pmassei30@slashdot.org,5908096864
Lira Willicott,Doctor,2 Surrey Circle,7 Cody Avenue,lwillicott31@cbslocal.com,1765643179
Marius Grundy,Doctor,009 Gina Hill,3 Ilene Junction,mgrundy32@cbc.ca,8236355699
Chloette Stebles,Psychiatrist,94933 Glendale Center,21 Evergreen Street,cstebles33@microsoft.com,7794006241
Noni Breeton,Engineer,4395 Dayton Plaza,34295 Mesta Hill,nbreeton34@nps.gov,7146449143
Garrott McTrustie,Teacher,7398 Milwaukee Point,01075 Vermont Way,gmctrustie35@google.com.hk,9445699586
Janean Clausen,Doctor,85495 Gale Lane,5 Elka Crossing,jclausen36@issuu.com,8686314972
Clary Murfin,Software Developer,79993 Hazelcrest Avenue,044 Grim Alley,cmurfin37@ucla.edu,2297019810
Eloise Rome,Software Developer,28220 Rieder Pass,8 Delaware Parkway,erome38@pbs.org,6967188971
Matelda Harverson,Lawyer,4 Dunning Road,0 Garrison Drive,mharverson39@ihg.com,3209392168
Sloan Dewire,Engineer,1420 Main Trail,7738 Kings Drive,sdewire3a@amazonaws.com,6718091717
Blakeley Morkham,Psychiatrist,59 Sullivan Terrace,9 Jackson Junction,bmorkham3b@bizjournals.com,3641516540
Fayette Deschlein,Lawyer,0 Homewood Parkway,25 Londonderry Road,fdeschlein3c@cbc.ca,1261800529
Gabriello Bakewell,Teacher,6 Lerdahl Avenue,13 Gina Center,gbakewell3d@feedburner.com,1705434416
Hanna Junes,Engineer,05162 Bultman Pass,3917 Dixon Pass,hjunes3e@hp.com,9444059220
Thornton Prendergast,Teacher,80 Maryland Plaza,1 Novick Junction,tprendergast3f@si.edu,4838664622
Venus Yansons,Engineer,50206 Basil Alley,56 Toban Terrace,vyansons3g@jimdo.com,7156052608
Ira Gosnold,Software Developer,37845 Hooker Hill,1883 West Park,igosnold3h@howstuffworks.com,1877001906
Edee Czyz,Software Developer,1 Tony Avenue,42 Dawn Crossing,eczyz3i@weibo.com,6706369949
Jarvis Derr,Psychiatrist,1091 Dunning Street,6293 Summer Ridge Center,jderr3j@walmart.com,4803778071
Thane Gebuhr,Doctor,9673 Ridgeway Place,54 Fordem Road,tgebuhr3k@ycombinator.com,4406937941
Orbadiah Alflatt,Software Developer,7 7th Circle,690 Vahlen Terrace,oalflatt3l@squidoo.com,6634282469
Teodoro Jelphs,Financial Analyst,2 Schurz Parkway,58 Ronald Regan Hill,tjelphs3m@posterous.com,2929125942
Britney Olivera,Doctor,97187 Corben Avenue,3354 Drewry Parkway,bolivera3n@businesswire.com,6614864896
Latrina Benettolo,Software Developer,97 Katie Road,8 Reindahl Place,lbenettolo3o@tripod.com,2471670455
Annette Kelshaw,Teacher,2 Grasskamp Street,0435 Logan Road,akelshaw3p@amazonaws.com,4988438352
Berk Foyster,Psychiatrist,81 Holy Cross Trail,31058 Kropf Terrace,bfoyster3q@pbs.org,5019711210
Henka Kiddye,Lawyer,502 Ridge Oak Park,5 Glacier Hill Drive,hkiddye3r@sitemeter.com,4129458976
Rurik Wearne,Teacher,42079 Maple Hill,4 Oak Place,rwearne3s@xrea.com,2073237802
Simonette Boyle,Lawyer,3341 Fremont Park,2 Corry Avenue,sboyle3t@hc360.com,3135825225
Billie MacAlaster,Psychiatrist,60541 Anthes Center,899 Hanover Parkway,bmacalaster3u@youku.com,7712755452
Gail Bruinsma,Lawyer,91169 Golden Leaf Circle,3190 Anzinger Drive,gbruinsma3v@devhub.com,4784691519
Gamaliel Hartup,Lawyer,007 Thompson Center,11211 Warner Place,ghartup3w@moonfruit.com,9307320242
Jo O'Garmen,Teacher,72496 Melvin Pass,2070 Cardinal Parkway,jogarmen3x@bing.com,1605375147
Joycelin Jowsey,Doctor,641 Helena Alley,7947 Blackbird Avenue,jjowsey3y@house.gov,4592648691
Ashely Innwood,Psychiatrist,9947 Blackbird Junction,1427 Roth Point,ainnwood3z@answers.com,7667079779
Aprilette Whittington,Lawyer,8989 Summerview Drive,83 Duke Trail,awhittington40@ted.com,1409131562
Gillie Latek,Psychiatrist,750 Orin Drive,30 Hoepker Place,glatek41@psu.edu,9998570677
Tibold Skunes,Psychiatrist,33514 Dorton Drive,09330 Mallory Park,tskunes42@phoca.cz,4691928724
Perceval Agdahl,Psychiatrist,5264 Fair Oaks Plaza,3073 Packers Terrace,pagdahl43@canalblog.com,3498775422
Lizette Kisbey,Teacher,6 Fairview Lane,55 Blue Bill Park Circle,lkisbey44@multiply.com,3525135138
Wilma Cocks,Engineer,544 Rowland Pass,58 Barby Avenue,wcocks45@sun.com,4331654845
Tomasina Agget,Doctor,1 Donald Park,7 Ruskin Point,tagget46@comcast.net,6958352407
Amil Bridgman,Financial Analyst,0347 Dexter Point,110 Summit Parkway,abridgman47@mapquest.com,4986637995
Bathsheba Westall,Lawyer,26 Pepper Wood Way,121 Bluestem Street,bwestall48@slideshare.net,5587324751
Gasper Shillan,Psychiatrist,99 Garrison Drive,40366 Debs Parkway,gshillan49@prlog.org,5729975454
Ches McGerr,Teacher,665 Iowa Circle,334 Schiller Crossing,cmcgerr4a@blogs.com,8209904803
Cally Leband,Teacher,9 Scott Court,81976 Quincy Way,cleband4b@live.com,6283663084
Alys Tschierasche,Software Developer,4 Parkside Terrace,702 Maryland Terrace,atschierasche4c@discovery.com,9948591853
Niel Dudden,Psychiatrist,4189 Sutherland Avenue,45 Montana Court,ndudden4d@moonfruit.com,4486360030
Lenora Hunnybun,Lawyer,23 Cardinal Crossing,004 Claremont Way,lhunnybun4e@unc.edu,1602559744
Jeromy Hingeley,Software Developer,815 Carpenter Circle,4431 Redwing Drive,jhingeley4f@booking.com,7768406125
Evangelia Wingeatt,Financial Analyst,48110 Hanson Point,709 Thackeray Place,ewingeatt4g@marketwatch.com,4042042174
Tildi Bompas,Doctor,2 Del Sol Avenue,823 School Place,tbompas4h@nifty.com,1115479399
Waite Ennion,Engineer,9 Hoard Hill,0765 Southridge Circle,wennion4i@mac.com,1284236526
Aubrette Corsham,Software Developer,5 Porter Lane,1 High Crossing Center,acorsham4j@exblog.jp,3868227235
Ford Hein,Teacher,06699 Bartelt Road,43 Pierstorff Plaza,fhein4k@archive.org,3121335658
Elyn Bitchener,Financial Analyst,4471 Ohio Junction,03013 Westend Point,ebitchener4l@csmonitor.com,3859438789
Harrison Marioneau,Teacher,3 Elka Lane,37 Pepper Wood Avenue,hmarioneau4m@intel.com,6823615780
Tessa Martinat,Lawyer,79313 Hoard Pass,81095 Mitchell Pass,tmartinat4n@ft.com,9205097508
Tab Rockey,Teacher,065 Pierstorff Alley,68564 Eagan Point,trockey4o@pcworld.com,1068182369
Janos Hamelyn,Lawyer,7 Riverside Pass,9 Holy Cross Road,jhamelyn4p@amazon.com,9135249699
Conrado Caughan,Doctor,381 Montana Terrace,28 Thompson Junction,ccaughan4q@wikia.com,3132585093
Nicolai Bendik,Financial Analyst,98443 Loomis Center,6 Sloan Lane,nbendik4r@si.edu,7414081861
Marline Pinkard,Software Developer,796 Arkansas Plaza,96952 Sundown Pass,mpinkard4s@elegantthemes.com,4149041672
Oates Sekulla,Engineer,158 Ilene Plaza,84 Roth Hill,osekulla4t@jugem.jp,2401288751
Danette Tufts,Psychiatrist,02243 Village Avenue,0384 Twin Pines Road,dtufts4u@tripadvisor.com,5051976435
Jakob Brevetor,Doctor,8980 Vera Place,8 Sutteridge Junction,jbrevetor4v@creativecommons.org,9997877991
Kim Bockler,Doctor,28 Northview Plaza,4167 Dovetail Point,kbockler4w@wunderground.com,9152605443
Karry Hawksley,Psychiatrist,6815 Shoshone Pass,83802 Lillian Pass,khawksley4x@deliciousdays.com,7534943241
Jerrome Canfield,Engineer,97 Rowland Plaza,2823 Del Sol Drive,jcanfield4y@scribd.com,6402109239
Aurora Goodreid,Teacher,96753 Ryan Lane,3 Mayfield Road,agoodreid4z@unicef.org,7117979024
Tamera Ancell,Lawyer,9836 Sage Alley,13 Kinsman Parkway,tancell50@sciencedaily.com,1723041921
Pooh Sherratt,Engineer,237 Butternut Circle,9 Tennessee Trail,psherratt51@360.cn,8042361378
Brennan Nassy,Software Developer,6 Morrow Crossing,210 Oakridge Drive,bnassy52@smh.com.au,7683528924
Marcos Belvin,Teacher,3656 Bowman Crossing,58 Vahlen Street,mbelvin53@ustream.tv,7767041959
Cecilius Killock,Software Developer,35 Maple Wood Point,296 Corben Street,ckillock54@etsy.com,8742389351
Garret Pales,Doctor,8 Coolidge Terrace,11 Kinsman Park,gpales55@mapquest.com,3249023020
Maximilian Cawdell,Engineer,853 Fremont Lane,49628 Dawn Plaza,mcawdell56@paginegialle.it,7821656940
Theressa Clausen-Thue,Doctor,633 West Lane,3 Talisman Center,tclausenthue57@parallels.com,9892233741
Linnell Darby,Teacher,1568 Clemons Terrace,402 Trailsway Circle,ldarby58@uiuc.edu,5843860725
Harmonia MacDonnell,Financial Analyst,4 Meadow Valley Parkway,1 Portage Center,hmacdonnell59@wufoo.com,4985901868
Lukas Streeten,Teacher,30903 Upham Terrace,39 Hermina Park,lstreeten5a@usda.gov,6764341016
Wilmer Spurier,Doctor,04 Kingsford Alley,977 Ilene Terrace,wspurier5b@nifty.com,8298287113
Sheila Plowright,Lawyer,64 Judy Trail,6599 Stuart Court,splowright5c@shutterfly.com,6362073080
Freemon Kisting,Lawyer,6 Graedel Drive,00 Buena Vista Hill,fkisting5d@bravesites.com,4778049201
Colette Behnecken,Doctor,73 Walton Court,9412 Hoepker Hill,cbehnecken5e@360.cn,2435439786
Kaleena Karel,Engineer,3 5th Alley,1831 Petterle Pass,kkarel5f@oracle.com,6202021854
Marie-ann Sabathe,Lawyer,9622 Evergreen Terrace,8927 Bultman Court,msabathe5g@ning.com,8002250010
Suzanna Zylbermann,Psychiatrist,84233 Westerfield Drive,27 Vernon Lane,szylbermann5h@pbs.org,8843521848
Neil Backler,Lawyer,81688 Bunker Hill Pass,654 Troy Avenue,nbackler5i@uol.com.br,8903952245
Alick Seery,Lawyer,4 Dawn Park,24 Barnett Avenue,aseery5j@wikipedia.org,9283895841
Sloan Jobson,Lawyer,03 Annamark Point,74811 Eastlawn Junction,sjobson5k@nymag.com,6205139685
Jeannine Lynch,Engineer,9452 Gulseth Lane,910 Shelley Junction,jlynch5l@spotify.com,7063685419
Valentijn Bakster,Software Developer,7255 Maryland Plaza,1565 Hoard Drive,vbakster5m@boston.com,6205451238
Lind Hemphrey,Engineer,91 Hooker Crossing,9 Aberg Alley,lhemphrey5n@newyorker.com,8573063490
Umeko Gunn,Doctor,11 Del Sol Trail,67 Crest Line Drive,ugunn5o@digg.com,4025987353
Ryun Howorth,Engineer,622 Elmside Street,774 Northridge Street,rhoworth5p@deviantart.com,4253043269
Arthur Kohnen,Lawyer,5844 Oxford Trail,0 Summerview Alley,akohnen5q@mayoclinic.com,4089916810
Bert Keenlayside,Financial Analyst,78811 Clemons Circle,14 Loomis Crossing,bkeenlayside5r@answers.com,4387171808
Dud Colson,Doctor,9425 Vernon Avenue,7638 Cardinal Court,dcolson5s@about.com,4445812994
Artemus Physick,Teacher,87581 Dunning Road,2 Scofield Junction,aphysick5t@skype.com,3061644060
Markus Dovey,Doctor,046 Trailsway Crossing,24527 Ilene Pass,mdovey5u@dagondesign.com,7434444776
Kristen Glen,Engineer,0 Brown Place,48307 Cody Point,kglen5v@ftc.gov,2872296271
Ingrim Leefe,Teacher,7 Golf View Point,9 Bellgrove Avenue,ileefe5w@weebly.com,6018822335
Lissy Lotze,Engineer,77305 Manitowish Plaza,40272 Ryan Junction,llotze5x@yahoo.co.jp,1379108745
Buddie Sexti,Software Developer,85518 Clove Point,5141 Cody Pass,bsexti5y@sourceforge.net,8388869648
Felizio Brownbridge,Doctor,3145 Raven Pass,56313 Menomonie Alley,fbrownbridge5z@wiley.com,6764871249
Codee Pollen,Psychiatrist,3 Basil Pass,3 Warner Avenue,cpollen60@netvibes.com,9335637007
Earle Larenson,Teacher,15961 Pepper Wood Hill,34083 Evergreen Center,elarenson61@mayoclinic.com,2198319675
Yardley Helder,Financial Analyst,654 Fair Oaks Junction,12764 Hayes Lane,yhelder62@bandcamp.com,7489158675
Alvina Gerold,Lawyer,837 Farragut Crossing,72839 Transport Center,agerold63@icio.us,1466195917
Zahara Rawcliffe,Psychiatrist,5359 Meadow Vale Junction,4345 Graedel Point,zrawcliffe64@illinois.edu,2115664139
Dorise Rogeon,Doctor,0438 Elka Terrace,70 Spaight Junction,drogeon65@china.com.cn,2656242531
Cherey Snarie,Teacher,7993 Kipling Circle,6 Bonner Point,csnarie66@squarespace.com,2502386267
Patrica Vargas,Teacher,3 Sauthoff Court,95032 Kensington Park,pvargas67@arstechnica.com,6737575626
Ann Gilfether,Software Developer,292 Amoth Point,75444 Pine View Hill,agilfether68@hatena.ne.jp,1882256031
Clarence Perford,Financial Analyst,124 Toban Lane,65133 Superior Street,cperford69@ocn.ne.jp,7281828724
Andromache Durnall,Psychiatrist,2 Melvin Terrace,68268 Arizona Crossing,adurnall6a@wikipedia.org,1925522345
Dorey Dautry,Psychiatrist,8489 Badeau Road,46545 Longview Drive,ddautry6b@vinaora.com,9355905804
Kinnie Habens,Financial Analyst,24641 5th Crossing,31 Cody Park,khabens6c@fc2.com,1299880526
Marjorie Harbor,Teacher,99781 South Lane,00384 Division Street,mharbor6d@hud.gov,3416906617
Sammy Samet,Financial Analyst,92 Sage Drive,9038 Vernon Court,ssamet6e@networkadvertising.org,4814827296
Cyb Pattison,Software Developer,1915 Moland Avenue,06 Clyde Gallagher Crossing,cpattison6f@liveinternet.ru,8406376256
Ellerey Priter,Software Developer,050 Gulseth Way,04317 Nancy Road,epriter6g@hubpages.com,5009156126
Ambrosio Hrihorovich,Software Developer,69546 Lyons Terrace,7526 Golf Avenue,ahrihorovich6h@wiley.com,2572568984
Angelita Adger,Psychiatrist,582 Raven Circle,4184 David Street,aadger6i@springer.com,9458585070
Barbey Smalcombe,Financial Analyst,15 Hoffman Drive,5 Duke Terrace,bsmalcombe6j@barnesandnoble.com,9576672947
Lidia Medcraft,Software Developer,36808 Derek Pass,87983 Grover Pass,lmedcraft6k@xing.com,1873445148
Cathrin Sabin,Financial Analyst,46 Badeau Circle,19 Parkside Circle,csabin6l@dagondesign.com,2594863572
Nickolaus Larcier,Software Developer,4322 Anhalt Drive,5587 Upham Pass,nlarcier6m@ucoz.com,4538167797
Mufi Brandreth,Software Developer,9540 Morningstar Hill,88 Valley Edge Circle,mbrandreth6n@scribd.com,7844399186
Allie Wybrew,Teacher,8 Beilfuss Avenue,4354 Melrose Parkway,awybrew6o@hubpages.com,4445216387
Auroora Serrurier,Financial Analyst,87474 Drewry Point,0 Graedel Way,aserrurier6p@toplist.cz,6741526693
Jocelyne Snowden,Software Developer,2 Fuller Circle,3 Macpherson Court,jsnowden6q@typepad.com,5266539709
Annalee Tinton,Teacher,53 Golden Leaf Way,909 Pankratz Park,atinton6r@gmpg.org,1353621837
Corabelle Ickovitz,Software Developer,2393 Clyde Gallagher Trail,3581 Ohio Alley,cickovitz6s@dyndns.org,5591053717
Blaine Lillegard,Software Developer,7516 Stoughton Drive,4076 Everett Street,blillegard6t@miitbeian.gov.cn,5994025372
Fulton Kruse,Teacher,1394 Rowland Point,390 Milwaukee Street,fkruse6u@youtube.com,3248733513
Marlie Castangia,Financial Analyst,6424 Anthes Trail,1 Burrows Point,mcastangia6v@tinyurl.com,7747955146
Joyann Grelak,Lawyer,00943 Carpenter Drive,7 Weeping Birch Junction,jgrelak6w@abc.net.au,6773345772
Alistair Fawdry,Doctor,65183 Troy Avenue,1930 Springs Park,afawdry6x@gmpg.org,2873881381
Lindi Haslehurst,Engineer,4726 Anzinger Court,04977 Stone Corner Avenue,lhaslehurst6y@cdbaby.com,1114261608
Etta Hulles,Doctor,2599 Kenwood Street,41 4th Park,ehulles6z@paypal.com,6903833557
Maurits Rodenburg,Doctor,7 Starling Way,995 Veith Alley,mrodenburg70@wufoo.com,8598916459
Darrell Craigg,Engineer,606 Golden Leaf Road,2505 Nevada Point,dcraigg71@netlog.com,5547007606
Sigismondo Rawles,Financial Analyst,4 Towne Avenue,45409 Gina Lane,srawles72@google.com.au,1369109552
Cristy Beardow,Engineer,71 Golden Leaf Court,27 Towne Park,cbeardow73@oaic.gov.au,2729144291
Adrea Holtaway,Psychiatrist,9762 Pierstorff Pass,8473 Holmberg Road,aholtaway74@accuweather.com,9494764637
Omero Worton,Doctor,331 Westport Park,94 Ilene Place,oworton75@g.co,9381606496
Gabie Huddart,Engineer,36 Graedel Alley,7 Meadow Ridge Hill,ghuddart76@noaa.gov,7112473275
Sven Junes,Lawyer,13059 Hollow Ridge Avenue,05 Forest Circle,sjunes77@mac.com,6206651735
Rozanne Mokes,Engineer,82026 Bellgrove Center,2 Moose Point,rmokes78@prlog.org,4784311921
Henderson Voules,Lawyer,6 Linden Hill,63089 Sullivan Place,hvoules79@fotki.com,8013080329
Charyl Nightingale,Lawyer,8816 Granby Terrace,75988 Armistice Point,cnightingale7a@salon.com,9029627137
Donnamarie Bomb,Engineer,38 Leroy Drive,74969 Gale Street,dbomb7b@senate.gov,5907026398
Tom Cheale,Engineer,02 Fair Oaks Road,17 Muir Drive,tcheale7c@hexun.com,7771598656
Daisy Hamor,Software Developer,94 Prentice Alley,53 Dakota Hill,dhamor7d@jugem.jp,8752659053
Annabal Tabord,Software Developer,569 Sugar Alley,1154 Stoughton Court,atabord7e@cdc.gov,8679888933
Christian Oki,Software Developer,2 Roth Junction,5453 5th Point,coki7f@booking.com,2638481777
Angelico Kynastone,Teacher,585 Clove Crossing,84930 Tomscot Terrace,akynastone7g@constantcontact.com,3712712654
Rolfe Rouse,Psychiatrist,8 Bluestem Park,90 Fair Oaks Center,rrouse7h@freewebs.com,9523702770
Gwyn Ambrogelli,Psychiatrist,764 Sunfield Drive,795 Chive Road,gambrogelli7i@networkadvertising.org,4598462707
Tuck Mower,Lawyer,583 Little Fleur Pass,9 5th Junction,tmower7j@wikia.com,3619081340
Kirby Winckworth,Psychiatrist,0781 Reinke Hill,15 Fisk Parkway,kwinckworth7k@ft.com,9214360923
Haleigh Pedersen,Engineer,40951 Maryland Junction,37739 Pine View Avenue,hpedersen7l@aol.com,3366733265
Maurita Way,Doctor,83584 3rd Point,9915 Brickson Park Road,mway7m@edublogs.org,7204464686
Kayley Yanshin,Doctor,46 Becker Parkway,9742 Sage Avenue,kyanshin7n@discovery.com,1588635409
Stacie Choulerton,Teacher,906 Rutledge Way,2897 Longview Circle,schoulerton7o@flickr.com,2789667711
Cherilyn Burchmore,Financial Analyst,56929 Garrison Circle,823 Barnett Drive,cburchmore7p@devhub.com,8272227435
Chrysler Buffey,Software Developer,6731 Center Trail,7693 Oneill Terrace,cbuffey7q@cnbc.com,5094534321
Leonard Rocco,Teacher,31 Ridgeview Pass,7024 Manley Hill,lrocco7r@google.ca,8009891407
Ermin Clutterbuck,Doctor,3236 Memorial Lane,1777 Arapahoe Pass,eclutterbuck7s@privacy.gov.au,1713806675
Ashbey Arnauduc,Engineer,29408 Kensington Street,791 Fulton Trail,aarnauduc7t@npr.org,1378460315
Cecil Wilce,Engineer,4 Park Meadow Plaza,4 Blackbird Circle,cwilce7u@gmpg.org,9437247274
Arlette Gabits,Software Developer,9570 Gateway Drive,3776 Clyde Gallagher Park,agabits7v@deviantart.com,7507429334
Emmit Mathiot,Engineer,873 Westerfield Parkway,189 Dwight Pass,emathiot7w@so-net.ne.jp,8948857518
Alexis Barlee,Engineer,34023 Center Alley,34 Kinsman Trail,abarlee7x@wordpress.org,8155571282
Lazare Chimes,Teacher,6441 Eastlawn Lane,29126 Park Meadow Center,lchimes7y@comcast.net,2575432344
Vivien Garmons,Teacher,307 Buell Court,16356 Clyde Gallagher Drive,vgarmons7z@icio.us,6993826940
Terri Roset,Doctor,28 Coleman Center,5 Warrior Place,troset80@blogger.com,8187862742
Ramona Moulds,Doctor,283 Derek Way,6 Loeprich Circle,rmoulds81@independent.co.uk,3361581749
Huberto Sevin,Psychiatrist,272 Moulton Way,44579 Havey Parkway,hsevin82@redcross.org,1949736132
Vasily Borman,Psychiatrist,40 Pierstorff Place,44 Paget Circle,vborman83@youku.com,6828645494
Susanetta Walentynowicz,Software Developer,2823 Waywood Trail,91434 Ridge Oak Circle,swalentynowicz84@mtv.com,3997640492
Venus Van der Son,Lawyer,526 Kensington Crossing,5426 Briar Crest Pass,vvan85@stumbleupon.com,2142174976
Base Kolis,Software Developer,5 Dennis Point,14190 Jana Avenue,bkolis86@google.ca,4897739913
Gabriel Barham,Engineer,17947 Fairview Street,6798 Esch Alley,gbarham87@slate.com,5083073938
Dyanna Welland,Doctor,726 Karstens Park,7 Paget Park,dwelland88@howstuffworks.com,8113360045
Lukas Jahnel,Doctor,2 Annamark Avenue,736 7th Point,ljahnel89@dyndns.org,2092886955
Giordano Targe,Financial Analyst,58496 Artisan Trail,19 Golf Course Alley,gtarge8a@lycos.com,6441711464
Elisha Challoner,Teacher,3 Forest Dale Court,34396 Katie Place,echalloner8b@nyu.edu,4916019562
Blondie O'Brallaghan,Financial Analyst,9732 Hooker Plaza,14 Larry Place,bobrallaghan8c@pagesperso-orange.fr,1798608711
Holly Fahey,Doctor,859 Ridge Oak Terrace,26 Farmco Circle,hfahey8d@nyu.edu,1233074455
Parker Orniz,Engineer,564 Jay Parkway,343 Florence Alley,porniz8e@arstechnica.com,2253143963
Myrtie Shipperbottom,Doctor,3 5th Parkway,8 Canary Center,mshipperbottom8f@plala.or.jp,2818457359
Cosme Babar,Software Developer,969 Alpine Road,1203 Maple Crossing,cbabar8g@whitehouse.gov,9138050735
Latia Grebert,Doctor,77 Moulton Avenue,16 Shopko Terrace,lgrebert8h@sun.com,6789113131
Fredi Probet,Teacher,14 Stang Court,36748 Lillian Parkway,fprobet8i@narod.ru,2067872565
Leroi Rihosek,Psychiatrist,519 Clarendon Road,479 Hagan Drive,lrihosek8j@washington.edu,5624880312
Field Teggin,Doctor,46655 Reindahl Point,538 Longview Parkway,fteggin8k@lulu.com,3125429403
Truman Boshier,Doctor,1147 Randy Way,56837 Portage Circle,tboshier8l@who.int,4394702943
Genna Meddows,Financial Analyst,52669 Vernon Park,966 Sachs Park,gmeddows8m@disqus.com,3928091587
Delphine De Coursey,Lawyer,7 Sloan Crossing,7 Harper Court,dde8n@squidoo.com,6839387719
Elvira Deniske,Teacher,91 Grim Way,5730 Del Mar Plaza,edeniske8o@reddit.com,4276463738
Washington Le Surf,Software Developer,157 Erie Point,613 Lukken Court,wle8p@fda.gov,1678326435
Jacob Domenico,Software Developer,8349 Barby Road,5627 Novick Crossing,jdomenico8q@sourceforge.net,7877937021
Chrotoem Kubista,Engineer,0683 Mendota Place,4444 Fieldstone Lane,ckubista8r@altervista.org,2738635278
Arnold Gregolotti,Doctor,1 Havey Place,8 Superior Road,agregolotti8s@lulu.com,4012871299
Junette Dupre,Financial Analyst,9816 Melody Road,57098 Declaration Avenue,jdupre8t@lycos.com,2304956333
Briano Littleproud,Software Developer,95 Hooker Avenue,6298 Westend Way,blittleproud8u@ycombinator.com,3917253409
Moira Bootell,Software Developer,5 Bluestem Center,6 Merry Junction,mbootell8v@imgur.com,9987048093
Hilary Bevan,Psychiatrist,4 Westridge Junction,443 Logan Pass,hbevan8w@eventbrite.com,7709832953
Trish Rigard,Engineer,34 Oakridge Point,2 Scofield Terrace,trigard8x@furl.net,7658993233
Kelsi Ummfrey,Psychiatrist,5546 Bultman Park,7 Sullivan Pass,kummfrey8y@163.com,9529463711
Romonda Avieson,Financial Analyst,9751 Sheridan Lane,4 Saint Paul Court,ravieson8z@posterous.com,7685589579
Gay Goulter,Engineer,69685 Tomscot Way,3478 Forest Terrace,ggoulter90@yelp.com,7752394235
Aluin Heersma,Teacher,66497 Thierer Circle,17 Algoma Center,aheersma91@phpbb.com,1552171270
Harald Hamments,Doctor,6790 Prairie Rose Park,086 Cordelia Terrace,hhamments92@wunderground.com,5552851396
Shandie Ebdon,Psychiatrist,67 Emmet Way,133 Bunting Place,sebdon93@wikia.com,4931621584
Jaclin Hatz,Software Developer,413 Bluejay Point,0813 Meadow Ridge Park,jhatz94@oaic.gov.au,6798037327
Nil Adamsen,Software Developer,95617 Riverside Lane,85 Norway Maple Parkway,nadamsen95@ycombinator.com,5264420343
Pedro Gaydon,Financial Analyst,82854 Bunker Hill Terrace,36 Heffernan Street,pgaydon96@oakley.com,9907872707
Mario Eardley,Lawyer,403 Holmberg Drive,918 Meadow Ridge Junction,meardley97@thetimes.co.uk,2975900735
Walt Redsall,Doctor,4222 Leroy Trail,7 Dayton Pass,wredsall98@altervista.org,5141223178
Zachary Trout,Doctor,1884 Blackbird Crossing,6539 Schlimgen Plaza,ztrout99@home.pl,7008371941
Cassie Casper,Psychiatrist,66161 Reinke Court,4681 Manley Avenue,ccasper9a@privacy.gov.au,7972700298
Caria Petegre,Software Developer,502 Oxford Crossing,4 David Hill,cpetegre9b@vistaprint.com,8757720939
Boonie Candlin,Doctor,5414 Algoma Plaza,83 Schiller Circle,bcandlin9c@yelp.com,2315855696
Hillel Bushaway,Financial Analyst,51743 Westridge Place,719 Sauthoff Alley,hbushaway9d@telegraph.co.uk,9575267496
Brittan Ashelford,Psychiatrist,658 Northridge Circle,51 Pepper Wood Terrace,bashelford9e@cbc.ca,3425590555
Way Furby,Software Developer,85465 Eagan Park,3546 Hauk Lane,wfurby9f@shop-pro.jp,2422859715
Eran MacRirie,Engineer,9308 Red Cloud Center,865 Thierer Street,emacririe9g@mac.com,6743086780
Bruno Allder,Engineer,48 Magdeline Place,805 Lerdahl Crossing,ballder9h@free.fr,5175672507
Wolfy Ivanyushin,Software Developer,7264 Manufacturers Hill,81574 Messerschmidt Alley,wivanyushin9i@tumblr.com,4261754841
Cleopatra Runacres,Teacher,3386 Banding Crossing,31 Westport Street,crunacres9j@economist.com,8937253101
Dyanne Jennions,Psychiatrist,77800 Morrow Point,35 Kenwood Plaza,djennions9k@canalblog.com,1273482363
Nolan Baty,Psychiatrist,51124 Prentice Alley,07769 Florence Plaza,nbaty9l@nyu.edu,5174058431
Ned Calendar,Software Developer,331 Oak Valley Plaza,73 Barnett Park,ncalendar9m@ucla.edu,5869886033
Mace Mercer,Teacher,60037 Rutledge Center,14725 Manufacturers Road,mmercer9n@domainmarket.com,4947977297
Vivyanne Sutworth,Engineer,114 Reinke Junction,259 Fisk Place,vsutworth9o@digg.com,9117204518
Cletus Wemes,Software Developer,6614 Mallory Street,9826 Brentwood Alley,cwemes9p@dion.ne.jp,8586583672
Vite Shrieves,Software Developer,76 Oak Valley Center,4528 Arizona Court,vshrieves9q@cdc.gov,6717990227
Whitaker Lower,Engineer,1 East Point,291 Fairfield Terrace,wlower9r@clickbank.net,6635081638
Sandye Beeble,Lawyer,4 Reindahl Drive,46522 Monument Street,sbeeble9s@yellowpages.com,3856078644
Livy Deakan,Lawyer,31195 Cordelia Park,7 Rigney Terrace,ldeakan9t@51.la,3836543768
Cordula Hallex,Teacher,35677 Pawling Junction,727 Clarendon Place,challex9u@microsoft.com,9294123944
Jacquenetta Gasperi,Psychiatrist,0419 Toban Street,350 Darwin Circle,jgasperi9v@patch.com,7173386060
Katy Colegrove,Financial Analyst,8267 Columbus Lane,8 Bartillon Alley,kcolegrove9w@blogtalkradio.com,6003401453
Aggi Peplay,Psychiatrist,14896 Acker Center,02 Miller Pass,apeplay9x@sfgate.com,2084583295
Charley Cluett,Psychiatrist,37053 Jenna Street,77 Main Circle,ccluett9y@nymag.com,2568775840
Carline Barkas,Financial Analyst,4255 Arapahoe Plaza,23020 Lakeland Avenue,cbarkas9z@nytimes.com,4134224838
Gunar Larkworthy,Teacher,2 Melrose Court,1916 Brown Road,glarkworthya0@mashable.com,1901596616
Mylo Ferrige,Lawyer,28 Springs Alley,43966 Alpine Court,mferrigea1@pcworld.com,8994892797
Carmella Clashe,Engineer,01732 Pankratz Trail,621 Springview Street,cclashea2@cdc.gov,9411630148
Francis Bliss,Teacher,91661 Stuart Place,75 Stang Point,fblissa3@wikipedia.org,7676383499
Manny Pipet,Teacher,9295 Lien Lane,1122 Sunfield Place,mpipeta4@wired.com,1775933608
Jud Chaddock,Lawyer,2158 Sunbrook Street,2 Red Cloud Place,jchaddocka5@xing.com,1253387455
Candis Gaenor,Psychiatrist,11957 Cascade Court,3 Hoepker Pass,cgaenora6@over-blog.com,8792128836
Gare Palmby,Lawyer,972 Prairieview Terrace,4344 Mesta Road,gpalmbya7@buzzfeed.com,5125234072
Rikki Rippin,Doctor,6 Tennessee Parkway,19 Quincy Center,rrippina8@cpanel.net,7072547687
Hercule Whitear,Engineer,6124 Truax Place,6587 Lukken Parkway,hwhiteara9@mapy.cz,2698102451
Huberto Josskoviz,Financial Analyst,17 Donald Junction,034 Barnett Pass,hjosskovizaa@e-recht24.de,6828101964
Tatiania Puleston,Engineer,24447 Kedzie Point,799 Fisk Park,tpulestonab@so-net.ne.jp,5915111275
Tedi Roskruge,Software Developer,242 Swallow Pass,586 Comanche Drive,troskrugeac@wp.com,8004835674
Bale Droghan,Engineer,473 Lake View Avenue,920 Del Mar Street,bdroghanad@addtoany.com,4058176689
Burl Chapelhow,Engineer,30 Pine View Road,15463 Donald Trail,bchapelhowae@trellian.com,7315468571
Giffer Somerset,Psychiatrist,559 Roth Pass,1 Holy Cross Terrace,gsomersetaf@whitehouse.gov,4475829091
Hall Plester,Financial Analyst,30 Pleasure Park,7964 Erie Drive,hplesterag@google.ca,6304468622
Moreen Philcox,Teacher,36990 Monterey Junction,32133 Manley Court,mphilcoxah@wufoo.com,5122568404
Benoite Brafield,Lawyer,38 Katie Park,3 Evergreen Trail,bbrafieldai@amazon.co.uk,2924793980
Jessie Ebbutt,Engineer,86852 Sloan Street,7 Sundown Road,jebbuttaj@seesaa.net,3063346978
Dorelia Kagan,Doctor,42120 Sycamore Street,9655 Northfield Trail,dkaganak@bbc.co.uk,9111170437
Eadith Madison,Doctor,5 Northfield Alley,762 Redwing Pass,emadisonal@yale.edu,9979212871
Currey MacCathay,Financial Analyst,798 Ryan Junction,0 South Street,cmaccathayam@cafepress.com,7038205380
Odetta Clemo,Financial Analyst,15235 South Alley,603 Lotheville Parkway,oclemoan@wix.com,7998981249
Josefa Rippon,Lawyer,4 Meadow Valley Circle,2 Dryden Terrace,jripponao@mashable.com,9529807218
Hamnet Bessett,Financial Analyst,1 Montana Trail,1030 Warrior Parkway,hbessettap@mozilla.com,7203837925
Sherry Frizell,Software Developer,613 Holmberg Alley,6 East Alley,sfrizellaq@netvibes.com,4532251523
Clementine Battell,Financial Analyst,0891 Magdeline Drive,849 Transport Drive,cbattellar@wikimedia.org,7387760263
Gaston Sherar,Lawyer,4 Mockingbird Park,40 Autumn Leaf Circle,gsheraras@slideshare.net,7844836447
Thayne Healeas,Teacher,00 Darwin Alley,7783 Debra Pass,thealeasat@wired.com,7245099810
Gib Hanster,Engineer,376 Clarendon Point,070 Kenwood Alley,ghansterau@friendfeed.com,5076769247
Betsey Linskey,Financial Analyst,79239 Moose Plaza,59 Harper Parkway,blinskeyav@msu.edu,2155918790
Bradan Dufer,Lawyer,10406 Claremont Crossing,9125 Loftsgordon Alley,bduferaw@ustream.tv,5881281038
Rhianon Herrema,Teacher,59 Mesta Road,6 Cascade Avenue,rherremaax@ovh.net,9152566055
Wildon Kneel,Engineer,8504 Donald Way,05304 Sullivan Circle,wkneelay@ucoz.ru,8169162439
Misha Soutar,Financial Analyst,7961 Grim Pass,5 Heffernan Crossing,msoutaraz@seattletimes.com,2362250824
Clarine Ullock,Engineer,7682 Bellgrove Alley,4219 Pankratz Point,cullockb0@zdnet.com,1011678776
Sonnnie McWhirter,Engineer,3 Hayes Road,088 Tony Crossing,smcwhirterb1@tmall.com,7001591972
Randene Barends,Lawyer,42091 Twin Pines Street,92072 Union Place,rbarendsb2@sourceforge.net,4161593807
Claus Jiruca,Engineer,32203 Jana Terrace,959 Quincy Parkway,cjirucab3@dedecms.com,6241783459
Janean Balharrie,Software Developer,56221 Prairieview Parkway,786 Golf Course Drive,jbalharrieb4@hibu.com,5767611029
Mercy Helling,Teacher,557 Anzinger Court,4 Almo Way,mhellingb5@house.gov,3672135445
Maurita Rosebotham,Teacher,7 Ridgeview Way,16 Emmet Trail,mrosebothamb6@cdbaby.com,1759265830
Maridel Pizzey,Software Developer,62490 Mosinee Park,1 Muir Alley,mpizzeyb7@google.ru,1126252751
Tracey Sudran,Engineer,20 West Lane,90634 Loeprich Terrace,tsudranb8@trellian.com,9027799224
Christalle Gricewood,Teacher,38 Northwestern Trail,242 Transport Plaza,cgricewoodb9@tinyurl.com,3985101381
Vita Lippett,Software Developer,89 Anderson Park,50 Artisan Hill,vlippettba@berkeley.edu,8809732448
Berty Summerskill,Lawyer,55 Pleasure Park,182 Cody Way,bsummerskillbb@bravesites.com,3297710023
Kally Enriques,Lawyer,608 Schurz Pass,1 Harper Drive,kenriquesbc@wired.com,3138349244
Tate Gussie,Psychiatrist,3591 Kenwood Junction,7262 Menomonie Park,tgussiebd@nps.gov,3857361624
Fanni Winchcum,Doctor,2654 Sutherland Park,94 Pond Crossing,fwinchcumbe@aboutads.info,3462593199
Otha McIlharga,Engineer,6 Dottie Terrace,8862 Weeping Birch Center,omcilhargabf@dell.com,2917388501
Konrad Moorfield,Psychiatrist,0 Elgar Road,660 1st Place,kmoorfieldbg@yahoo.co.jp,3379438877
Kristal Izat,Engineer,65 Armistice Pass,088 Glacier Hill Plaza,kizatbh@angelfire.com,7568563129
Hortense Pittock,Financial Analyst,39410 Walton Parkway,990 Paget Street,hpittockbi@comcast.net,5092619837
Whitman Pancoust,Psychiatrist,01 Saint Paul Alley,0 Bultman Road,wpancoustbj@craigslist.org,4675799599
Domingo Douche,Doctor,12829 Cascade Center,805 Fairfield Center,ddouchebk@guardian.co.uk,8608305719
Warde Durnford,Psychiatrist,66872 Fallview Pass,27419 Straubel Center,wdurnfordbl@parallels.com,6231401389
Devondra Trowel,Lawyer,2 Vidon Pass,20 Russell Drive,dtrowelbm@chron.com,6776422815
Evie Panchen,Lawyer,84 David Center,6 Menomonie Court,epanchenbn@gizmodo.com,3968246722
Alberta Klejna,Psychiatrist,206 Dakota Terrace,73 Killdeer Hill,aklejnabo@ucla.edu,7706855791
Karol Pawling,Doctor,309 Fieldstone Road,0 Pepper Wood Center,kpawlingbp@freewebs.com,6027162061
Stanislaw Callar,Software Developer,4543 Southridge Lane,601 Mosinee Street,scallarbq@geocities.jp,8173695816
Ashli Carrick,Software Developer,42 Talisman Center,8 Daystar Junction,acarrickbr@telegraph.co.uk,5943446908
Mortimer Pachta,Doctor,689 Tomscot Center,02422 Blue Bill Park Parkway,mpachtabs@state.tx.us,3793594049
Gabby Corse,Software Developer,63014 Clove Avenue,2 Tennessee Park,gcorsebt@bravesites.com,7433254861
Trescha Laguerre,Doctor,2 Sundown Pass,3 Manley Court,tlaguerrebu@gnu.org,9826026486
Casie O' Mara,Psychiatrist,5647 Kennedy Pass,8619 Glacier Hill Crossing,cobv@studiopress.com,8924349832
Vin Atmore,Doctor,43555 Northwestern Alley,32698 Vera Plaza,vatmorebw@godaddy.com,4798439001
Gearalt Petracco,Teacher,8 Mockingbird Junction,776 Duke Terrace,gpetraccobx@jiathis.com,3754385716
Giacobo Beaudry,Financial Analyst,88 Bunker Hill Way,70 Dapin Junction,gbeaudryby@latimes.com,5402141070
Bernette Fielders,Financial Analyst,87256 Hintze Circle,2 Surrey Alley,bfieldersbz@sourceforge.net,5218414851
Roxane Wadworth,Doctor,729 Riverside Junction,44 Thackeray Way,rwadworthc0@spotify.com,5336088232
Ethel Clapison,Teacher,60722 Charing Cross Trail,949 Aberg Road,eclapisonc1@studiopress.com,6261378175
Brandy Shearsby,Engineer,81849 Springs Crossing,6 Northridge Crossing,bshearsbyc2@army.mil,8558379288
Elysia Achromov,Psychiatrist,529 Armistice Court,99208 Declaration Road,eachromovc3@mapy.cz,6199042454
Luca Strotton,Psychiatrist,6 Eliot Drive,9 Hoffman Drive,lstrottonc4@berkeley.edu,7606783773
Lewiss Haskell,Engineer,6687 South Point,83064 Hauk Lane,lhaskellc5@g.co,9598749153
Lemmy Shank,Teacher,08573 Mallard Alley,037 Maryland Trail,lshankc6@flavors.me,3444302094
Mommy Rourke,Financial Analyst,4082 Vermont Plaza,5683 Welch Road,mrourkec7@ft.com,9661192724
Neville Eagar,Engineer,752 Colorado Court,01 Norway Maple Street,neagarc8@uiuc.edu,2519454466
Carley Ritelli,Software Developer,82765 Dwight Park,94981 Brickson Park Junction,critellic9@earthlink.net,8855744137
Alikee Ioselevich,Psychiatrist,83 Clove Circle,81806 Waubesa Pass,aioselevichca@sbwire.com,4808538875
Lorin Lammie,Engineer,6 Delladonna Alley,8 Village Green Alley,llammiecb@kickstarter.com,6489200262
Agosto Copello,Software Developer,4 Almo Terrace,4272 Larry Point,acopellocc@delicious.com,2569404286
Quinton Barthelet,Financial Analyst,016 Veith Hill,453 Bultman Alley,qbartheletcd@webnode.com,8906715441
Tommi Balam,Software Developer,72357 Pennsylvania Crossing,212 Dapin Road,tbalamce@about.com,8152079436
Adara McGuff,Psychiatrist,1 Spenser Hill,8923 American Ash Road,amcguffcf@reuters.com,7814390495
Kevyn Britnell,Engineer,4648 Havey Crossing,50386 Kropf Point,kbritnellcg@mayoclinic.com,4977706514
Durante Brisland,Lawyer,41374 Old Gate Terrace,23428 Nevada Parkway,dbrislandch@sourceforge.net,9946110475
Ginger Adderson,Engineer,2108 Lyons Place,7 Golf Course Plaza,gaddersonci@ucoz.ru,5887663651
Saunders Rosso,Engineer,83 Stang Terrace,8623 Lawn Terrace,srossocj@github.io,4372628506
Sissy Isted,Teacher,159 Waubesa Alley,9985 Monterey Place,sistedck@ihg.com,2046776622
Armin Brannon,Engineer,138 Mesta Road,74177 Nova Circle,abrannoncl@ustream.tv,1567890185
Anastassia Craydon,Psychiatrist,32 Merrick Point,1234 Holmberg Terrace,acraydoncm@zdnet.com,2161521802
Keri Labdon,Psychiatrist,6 Dixon Park,3498 Cascade Junction,klabdoncn@scientificamerican.com,2618450098
Bess Mixon,Teacher,12961 Northland Junction,5 Jana Junction,bmixonco@hc360.com,8496401588
Arni Teale,Financial Analyst,2219 Emmet Plaza,20 Lighthouse Bay Point,atealecp@wordpress.org,2542844365
Justis Scocroft,Teacher,84 Hazelcrest Road,970 Autumn Leaf Place,jscocroftcq@dropbox.com,7147997633
Arlie Puttrell,Teacher,8171 Pepper Wood Park,373 Springview Alley,aputtrellcr@desdev.cn,2951124212
Milzie Abele,Engineer,45090 Monument Way,5 Thackeray Alley,mabelecs@prnewswire.com,7024483424
Amby Verdun,Psychiatrist,27 Northland Circle,1723 6th Circle,averdunct@csmonitor.com,2068318231
Clemmie Redgrove,Financial Analyst,9981 Maywood Alley,603 Menomonie Way,credgrovecu@china.com.cn,1135778160
Chantalle Jaine,Lawyer,2050 David Parkway,1777 Oak Valley Plaza,cjainecv@un.org,9027206037
Fidela O' Molan,Teacher,73626 Moulton Hill,29 Bultman Drive,focw@sfgate.com,9566159105
Deb Richens,Teacher,3557 Duke Avenue,356 Summit Avenue,drichenscx@gizmodo.com,5237114978
Clovis Everall,Engineer,7 Badeau Street,33 Shelley Drive,ceverallcy@goo.ne.jp,7198055410
Ivy Richichi,Financial Analyst,1 Pine View Circle,5 Farwell Crossing,irichichicz@google.cn,8313917196
Mabel Mettericke,Financial Analyst,10514 Northfield Hill,36 Sauthoff Court,mmettericked0@globo.com,5213201407
Aldric McCaughan,Engineer,2399 Shoshone Circle,5392 Blackbird Parkway,amccaughand1@privacy.gov.au,1373450390
Gage Curtoys,Software Developer,7443 Coleman Center,93 Merchant Way,gcurtoysd2@gov.uk,2447454784
Salomon Dibdin,Software Developer,51848 Monica Junction,51112 Farragut Crossing,sdibdind3@cocolog-nifty.com,8908282429
Jaimie Restall,Software Developer,29156 Waxwing Crossing,45603 Hovde Terrace,jrestalld4@amazon.com,2229314271
Jessalin Habbergham,Teacher,193 Hovde Center,05505 Blackbird Alley,jhabberghamd5@google.cn,6222113262
Moises Lapwood,Software Developer,5 Onsgard Place,13 Donald Street,mlapwoodd6@pinterest.com,3732186017
Priscella Dubique,Software Developer,74500 Calypso Point,7 Corscot Street,pdubiqued7@bloglovin.com,1443298417
Shelagh Freezer,Lawyer,4204 Emmet Park,344 Hudson Pass,sfreezerd8@youku.com,2721377335
Jannelle Pendock,Doctor,699 Schlimgen Plaza,85170 Utah Hill,jpendockd9@bluehost.com,6336872926
Carree Tow,Engineer,82195 Cody Court,560 Dennis Drive,ctowda@wp.com,2586142591
Filide Evangelinos,Engineer,13141 Lighthouse Bay Street,1 Gale Alley,fevangelinosdb@washingtonpost.com,5352179582
Brandais Handforth,Psychiatrist,684 Truax Circle,193 Westridge Circle,bhandforthdc@google.it,5136787338
Chloe Chuck,Psychiatrist,70 Lawn Pass,9 Brentwood Drive,cchuckdd@patch.com,4186343097
Tully Orlton,Financial Analyst,9316 Dorton Court,39861 Sutherland Circle,torltonde@toplist.cz,9707320288
Charyl Gyngell,Psychiatrist,5 Eagle Crest Alley,14 Hollow Ridge Place,cgyngelldf@jimdo.com,1426867796
Anni Broughton,Engineer,18881 Chive Terrace,0 Nobel Road,abroughtondg@google.co.jp,6306418388
Sheffield O'Shesnan,Teacher,9926 Katie Court,06 Thompson Drive,soshesnandh@independent.co.uk,7272609893
Marcos McCready,Doctor,01 Utah Center,87446 Veith Way,mmccreadydi@msu.edu,9613894687
Sonia Gaitung,Engineer,5730 Ohio Park,37 Butternut Drive,sgaitungdj@geocities.com,9854892731
Cob Podbury,Doctor,10 Atwood Trail,4763 Elgar Road,cpodburydk@squidoo.com,7779475020
Grayce Simonazzi,Lawyer,9 Melody Trail,86258 Blue Bill Park Road,gsimonazzidl@indiegogo.com,5452126029
George Danhel,Teacher,8881 Randy Place,930 Golden Leaf Avenue,gdanheldm@sakura.ne.jp,1608888663
Ira Wheeldon,Psychiatrist,8 Northview Lane,49 Chive Park,iwheeldondn@bandcamp.com,4864034592
Weylin Sarjent,Doctor,3 Hansons Lane,659 Maywood Point,wsarjentdo@disqus.com,7564371247
Luise Restill,Lawyer,54 Mcguire Road,4366 Longview Center,lrestilldp@ed.gov,6673342047
Tandy Boraston,Financial Analyst,6 Portage Point,6153 Karstens Point,tborastondq@godaddy.com,4256308512
Denys Britten,Doctor,861 Becker Trail,33 Homewood Street,dbrittendr@linkedin.com,4541422197
Rusty Gainsboro,Lawyer,37824 Sage Crossing,7808 Duke Trail,rgainsborods@opensource.org,2341742069
Ronny Carlile,Psychiatrist,902 Scofield Center,05 Leroy Drive,rcarliledt@dailymail.co.uk,7337173217
Laurette Rugg,Teacher,9579 Cascade Parkway,10 Wayridge Trail,lruggdu@istockphoto.com,7525125587
Concordia Baron,Psychiatrist,2635 Claremont Crossing,21019 Meadow Valley Park,cbarondv@ameblo.jp,7746928871
Yorker Barber,Psychiatrist,87 Marcy Court,25 Esch Terrace,ybarberdw@theglobeandmail.com,5891015019
Dalis De Domenico,Psychiatrist,9709 Johnson Hill,8 Hoepker Place,ddedx@wired.com,8038248141
Tally Silversmid,Lawyer,9300 Red Cloud Circle,96 Carey Alley,tsilversmiddy@list-manage.com,7945840439
Thornton Lamberth,Engineer,2658 Kropf Place,541 Bunker Hill Parkway,tlamberthdz@quantcast.com,2627867229
Douglas Lawrence,Software Developer,3407 Butterfield Alley,7248 Scofield Hill,dlawrencee0@unblog.fr,9236039333
Aldwin Zorzi,Teacher,2606 Lyons Lane,3858 Fremont Hill,azorzie1@blogspot.com,4098660585
Bride Mazzeo,Lawyer,2 Algoma Parkway,96873 Brentwood Street,bmazzeoe2@skype.com,8109461670
Elisabet Kunrad,Software Developer,19 Emmet Plaza,7862 Moland Park,ekunrade3@mit.edu,3239456270
Andria Lummasana,Lawyer,7645 Stone Corner Junction,41615 Duke Junction,alummasanae4@youtube.com,2959970431
Jelene Reinbach,Lawyer,60 Milwaukee Junction,6623 Darwin Alley,jreinbache5@myspace.com,5443180064
Nobe Theyer,Doctor,226 Village Plaza,43 Crownhardt Park,ntheyere6@scribd.com,7146341221
Moss Picford,Psychiatrist,53 Morrow Junction,5613 Shasta Circle,mpicforde7@patch.com,4549841837
Redford Thompstone,Doctor,04 Lindbergh Avenue,65 Heffernan Street,rthompstonee8@bbb.org,2546629075
Cookie Kitcatt,Psychiatrist,71608 Nova Plaza,29 Moulton Avenue,ckitcatte9@imageshack.us,8206336351
Gilly Klezmski,Doctor,6 Twin Pines Hill,4 Vera Avenue,gklezmskiea@reverbnation.com,1079846308
Maurie Gilligan,Financial Analyst,4855 Donald Road,9815 Pepper Wood Avenue,mgilliganeb@tiny.cc,7101900471
Corene Pattenden,Doctor,57 Atwood Avenue,795 Grasskamp Avenue,cpattendenec@exblog.jp,3027326849
Carie Iiannoni,Psychiatrist,60 Towne Pass,59632 Sunfield Pass,ciiannonied@creativecommons.org,8291917296
Alex Bracegirdle,Lawyer,2 Corry Crossing,722 Sunbrook Road,abracegirdleee@nsw.gov.au,8358919473
Ange Delahunt,Financial Analyst,28021 Bartillon Road,5 Macpherson Park,adelahuntef@icio.us,2103367638
Anita Allibone,Lawyer,02240 Cascade Point,302 Mosinee Street,aalliboneeg@answers.com,4241626555
Nicki Chalcraft,Lawyer,7 Ridge Oak Parkway,9342 Fordem Circle,nchalcrafteh@4shared.com,1564560956
Pavel MacAskie,Lawyer,96 Rigney Circle,9 Dovetail Lane,pmacaskieei@hubpages.com,2821207086
Mireille Thursby,Doctor,35650 Pearson Center,02 Longview Drive,mthursbyej@jiathis.com,2023198159
Anne-marie Hamsson,Lawyer,25 Gateway Parkway,5929 East Alley,ahamssonek@shareasale.com,2553468915
Delmer Draper,Engineer,97 Commercial Plaza,57190 Sutherland Crossing,ddraperel@barnesandnoble.com,5156498645
Neal Pithie,Financial Analyst,46 Schiller Avenue,32 Cottonwood Hill,npithieem@ucoz.ru,2118585595
Hy Iddiens,Lawyer,6 Warrior Trail,44289 Little Fleur Place,hiddiensen@joomla.org,5941778913
Ilene Engel,Engineer,5723 Sunbrook Pass,4500 School Street,iengeleo@biglobe.ne.jp,3252062147
Beckie Beahan,Financial Analyst,0998 Carioca Junction,2125 Fieldstone Plaza,bbeahanep@cargocollective.com,9102156914
Sibel Fincher,Teacher,555 Merry Junction,7540 Acker Way,sfinchereq@imgur.com,5411847036
Sadella Farloe,Software Developer,1 Toban Parkway,7482 Dottie Way,sfarloeer@bigcartel.com,8221232382
Elana Sibly,Psychiatrist,3 Lillian Circle,2611 Norway Maple Center,esiblyes@rakuten.co.jp,3693992512
Maryanna Silcock,Doctor,02 Mendota Avenue,56 Anzinger Avenue,msilcocket@istockphoto.com,5033366528
Winonah Abade,Lawyer,6533 Macpherson Lane,67533 Northwestern Court,wabadeeu@myspace.com,4882795120
Thomasin Sambell,Financial Analyst,3 Michigan Place,4165 Warbler Court,tsambellev@oracle.com,8259208187
Ester Rozea,Lawyer,32 Lindbergh Avenue,3753 Transport Street,erozeaew@wisc.edu,2191736521
Sarina Dayton,Software Developer,8814 Meadow Ridge Park,685 Sutteridge Circle,sdaytonex@soup.io,1562035267
Maura Sanham,Psychiatrist,168 Golden Leaf Trail,5 Judy Terrace,msanhamey@lulu.com,4732774116
Masha Duggleby,Engineer,21863 Eggendart Point,50 Lakewood Street,mdugglebyez@un.org,4905781271
Jobina Shillaber,Teacher,1836 Waubesa Hill,7937 Caliangt Terrace,jshillaberf0@mozilla.org,1514183528
Sancho Eckersley,Financial Analyst,4337 Pearson Pass,660 Delaware Hill,seckersleyf1@mit.edu,3155345080
Park Dunk,Engineer,01219 Monument Hill,72 American Ash Pass,pdunkf2@pagesperso-orange.fr,7636636431
Alexina Johnikin,Financial Analyst,8380 Ludington Park,55 East Center,ajohnikinf3@telegraph.co.uk,5539195229
Gerrie Dyche,Engineer,691 Butternut Circle,763 Crescent Oaks Junction,gdychef4@51.la,1563449167
Gizela Halewood,Financial Analyst,26562 Northview Court,22834 Di Loreto Street,ghalewoodf5@opera.com,4154414801
Tarra Rustich,Financial Analyst,824 Beilfuss Pass,44 Dawn Street,trustichf6@istockphoto.com,8518083665
Neron Sinkins,Engineer,61103 Prairieview Way,22601 Kings Avenue,nsinkinsf7@pagesperso-orange.fr,5279028570
Kipper Asprey,Lawyer,7 Stone Corner Trail,194 Burning Wood Pass,kaspreyf8@usgs.gov,5763387065
Sydney Bernaldez,Software Developer,33391 Sherman Pass,3 Main Street,sbernaldezf9@indiegogo.com,4413621418
Waring Tettersell,Software Developer,57972 Delladonna Plaza,98261 Bellgrove Alley,wtettersellfa@chronoengine.com,1995850924
Wenonah Streeting,Psychiatrist,54 Waywood Parkway,04971 Cordelia Circle,wstreetingfb@twitpic.com,3203138989
Stesha Katz,Doctor,1557 Pankratz Alley,8 Rockefeller Plaza,skatzfc@usnews.com,3123581424
Sabine Krahl,Lawyer,22 Welch Junction,5 Main Junction,skrahlfd@gov.uk,6384134752
Sophronia Empringham,Financial Analyst,01 Monument Terrace,80 Sugar Way,sempringhamfe@bloglovin.com,1581650136
Claybourne Dumini,Engineer,32 Declaration Crossing,74 Sugar Terrace,cduminiff@statcounter.com,6925511046
Rosemary Chat,Psychiatrist,9856 Rockefeller Alley,6049 Fallview Lane,rchatfg@ifeng.com,3973568278
Howard O'Neal,Teacher,6682 Sutteridge Court,77827 Redwing Trail,honealfh@wunderground.com,1306602115
Gabriella Oiseau,Doctor,63 Arapahoe Way,14 Prentice Avenue,goiseaufi@yellowpages.com,1035461082
Wainwright Sprowson,Doctor,58598 Heath Junction,769 Red Cloud Avenue,wsprowsonfj@woothemes.com,7246903011
Randy Shegog,Doctor,71326 Messerschmidt Alley,45318 Weeping Birch Court,rshegogfk@scientificamerican.com,7245666447
Cecil Mebes,Software Developer,7 Utah Trail,738 Heffernan Parkway,cmebesfl@imdb.com,2746820009
Nora Flooks,Lawyer,47269 Annamark Alley,5517 Starling Circle,nflooksfm@jalbum.net,2221714988
Remington Selvester,Psychiatrist,6513 Vernon Road,3712 Main Plaza,rselvesterfn@goo.gl,8237840941
Brook Blencoe,Doctor,5621 Hallows Plaza,4618 Main Street,bblencoefo@nymag.com,5571407866
Abbott Hartnup,Financial Analyst,2 Mosinee Trail,91737 Victoria Plaza,ahartnupfp@free.fr,2305657175
Giffy Hayball,Doctor,0504 Blackbird Hill,063 Valley Edge Park,ghayballfq@twitter.com,2772857855
Kaile Bendin,Teacher,75 Carpenter Junction,35 Loeprich Trail,kbendinfr@mozilla.org,9062379681
Roch Onion,Financial Analyst,4 Quincy Junction,9 Shelley Avenue,ronionfs@scientificamerican.com,2457468004
Shoshanna Leyson,Engineer,8975 Kensington Pass,1 Carberry Place,sleysonft@canalblog.com,3802909521
Rees Bosenworth,Psychiatrist,7 Old Gate Way,39652 Briar Crest Junction,rbosenworthfu@reddit.com,2729912564
Chane Hinsche,Software Developer,77123 Onsgard Way,313 New Castle Point,chinschefv@dyndns.org,7559830428
Lenard Cramb,Teacher,31828 Riverside Road,0165 Riverside Point,lcrambfw@google.co.jp,6234420944
Rikki Daines,Lawyer,58823 Mayfield Point,4719 Packers Alley,rdainesfx@examiner.com,7533923721
Maureene Remirez,Software Developer,14657 Del Sol Place,7 8th Crossing,mremirezfy@biblegateway.com,6796714273
Mallory Fontes,Doctor,3563 Monument Crossing,653 Menomonie Hill,mfontesfz@constantcontact.com,4487489466
Ema Dearnley,Teacher,08 Kim Court,79 Trailsway Place,edearnleyg0@alexa.com,3003126112
Audry Worral,Doctor,05 Havey Place,365 Roth Way,aworralg1@youku.com,2674526071
Sherm Brittoner,Doctor,54 Emmet Parkway,729 Pine View Trail,sbrittonerg2@mozilla.org,1978697262
Bernard Kording,Psychiatrist,829 Pearson Hill,2948 Warrior Plaza,bkordingg3@examiner.com,3959131477
Corabella Matchett,Financial Analyst,1248 Golf Course Park,025 Tennessee Road,cmatchettg4@dyndns.org,8682068637
Josie Stirman,Teacher,3566 Shopko Park,3240 Montana Road,jstirmang5@narod.ru,2922149227
Vassili Ranvoise,Psychiatrist,24 Fuller Plaza,9499 Longview Trail,vranvoiseg6@slideshare.net,3001270638
Huey Kidner,Psychiatrist,035 Saint Paul Center,573 Maple Parkway,hkidnerg7@naver.com,9355708326
Lark Ceaser,Engineer,04781 La Follette Pass,4 Jenna Alley,lceaserg8@si.edu,5264762698
Pooh Tutchings,Psychiatrist,12001 Debs Plaza,4723 Melby Point,ptutchingsg9@ameblo.jp,4424124738
Ced Jonuzi,Software Developer,4 Park Meadow Park,79 Farwell Pass,cjonuziga@meetup.com,4793280943
Meade Savatier,Doctor,22 Kinsman Park,6 Waywood Terrace,msavatiergb@ucla.edu,3501282455
Darnell Malia,Psychiatrist,8 Nova Pass,491 Waubesa Junction,dmaliagc@ed.gov,4775406980
Celinda Crossthwaite,Doctor,56 Main Road,70 Eagan Street,ccrossthwaitegd@rakuten.co.jp,3461927693
Geoff Harme,Teacher,9 Morningstar Avenue,2 Pierstorff Place,gharmege@xing.com,6713535345
Lisha De Ferraris,Doctor,1751 Darwin Road,735 Mendota Pass,ldegf@walmart.com,6371000455
Orland Longina,Doctor,9 Hanover Circle,6 Arizona Circle,olonginagg@g.co,1068202627
Angelique Brake,Teacher,2 Esch Junction,3 Dwight Drive,abrakegh@artisteer.com,4687356037
Gizela Tuminelli,Psychiatrist,84482 Butternut Road,7528 Summit Street,gtuminelligi@soup.io,5478939003
Adelheid Devericks,Financial Analyst,0698 Ridgeview Parkway,2 Boyd Alley,adevericksgj@fema.gov,7207600208
Meir Faires,Engineer,7 Village Crossing,85958 Northview Street,mfairesgk@typepad.com,1631274661
Prue Bavester,Psychiatrist,983 Acker Court,666 Hooker Center,pbavestergl@yellowbook.com,9184136473
Anders Boulding,Software Developer,0761 Pierstorff Park,79 Tomscot Circle,abouldinggm@infoseek.co.jp,5167494033
Rosa Van der Veldt,Lawyer,39 Oakridge Junction,00 Carioca Parkway,rvangn@deliciousdays.com,7819921881
Ginevra Allkins,Financial Analyst,69 Kinsman Trail,052 Browning Plaza,gallkinsgo@macromedia.com,5327580609
Meade Penritt,Doctor,01 Lukken Lane,2 Fuller Road,mpenrittgp@qq.com,9298398241
Teddie Fitchew,Doctor,5 Butterfield Street,953 Kedzie Point,tfitchewgq@marriott.com,7645599926
Vannie Toner,Doctor,97 Gina Drive,9 Mendota Alley,vtonergr@printfriendly.com,9554091133
Chucho Parken,Financial Analyst,30 Morning Way,2 Jay Circle,cparkengs@cargocollective.com,1771430343
Sherill De Cristoforo,Lawyer,9 Surrey Center,39399 Golf Avenue,sdegt@geocities.com,9048685906
Joycelin Masseo,Financial Analyst,8819 Pond Junction,208 Cottonwood Terrace,jmasseogu@tripod.com,8198911998
Dietrich Randals,Teacher,252 Ludington Circle,85716 Ruskin Street,drandalsgv@nps.gov,7281761011
Aleta Dawby,Software Developer,3160 Cascade Alley,798 Arapahoe Circle,adawbygw@ihg.com,6268793302
Abbie Whistlecroft,Engineer,9153 Schurz Crossing,9 Kennedy Plaza,awhistlecroftgx@live.com,2818736215
Kaile Arnely,Psychiatrist,20661 Randy Crossing,08 Mariners Cove Point,karnelygy@topsy.com,6158310664
Avrom Vise,Financial Analyst,463 Nova Way,38518 Tony Plaza,avisegz@biblegateway.com,3726341874
Marsha Tong,Lawyer,9 Jenifer Junction,5908 Knutson Circle,mtongh0@intel.com,1846360755
Harcourt Yglesia,Software Developer,0 Swallow Place,589 Sunfield Trail,hyglesiah1@dailymotion.com,6889785311
Myron Lammin,Doctor,48876 Morningstar Center,0777 Prairie Rose Lane,mlamminh2@oaic.gov.au,6412700759
Kellsie Woodings,Financial Analyst,8 Waywood Plaza,29202 Texas Plaza,kwoodingsh3@geocities.jp,7779868282
Bevin Doge,Doctor,61 Troy Road,3 Almo Crossing,bdogeh4@ebay.co.uk,1674974413
Dominik Illyes,Software Developer,81 Veith Pass,15 Melody Parkway,dillyesh5@plala.or.jp,3047309184
Ansley Plaskitt,Engineer,860 Mendota Plaza,60274 Mitchell Center,aplaskitth6@tmall.com,8614555894
Jard Grigori,Software Developer,9 Continental Plaza,5956 Crowley Alley,jgrigorih7@shutterfly.com,8983710221
Fonz Catanheira,Financial Analyst,075 Hovde Pass,8088 Reinke Parkway,fcatanheirah8@w3.org,4079567346
Christal Tremellan,Psychiatrist,00495 Manley Avenue,57451 Veith Alley,ctremellanh9@miibeian.gov.cn,8014866132
Moshe Rackley,Doctor,17877 Oriole Court,2332 Oak Valley Trail,mrackleyha@google.nl,7661981280
Franklin Wapple,Doctor,48580 Becker Park,38946 Tennyson Lane,fwapplehb@narod.ru,4018652346
Malinda Grunson,Doctor,5646 Barnett Alley,1 Magdeline Terrace,mgrunsonhc@indiegogo.com,4311447590
Dee Tomaskov,Teacher,605 Karstens Junction,73 Golf Course Lane,dtomaskovhd@privacy.gov.au,6913003597
Eduino Iddins,Psychiatrist,9 Shelley Plaza,6406 Dwight Way,eiddinshe@zimbio.com,3279477453
Glenda Asling,Lawyer,816 Service Circle,3020 Hanson Terrace,gaslinghf@odnoklassniki.ru,3039205390
Gasparo Artinstall,Psychiatrist,543 Orin Court,565 Ridgeview Street,gartinstallhg@slashdot.org,4596805576
Aldous Glasspool,Engineer,466 Old Gate Trail,20 Stang Court,aglasspoolhh@deviantart.com,2779509621
Pedro Gouda,Software Developer,78308 Paget Pass,7672 5th Park,pgoudahi@hud.gov,7558325746
Harvey Addess,Doctor,0 Longview Plaza,1416 Tennyson Park,haddesshj@prweb.com,3787029202
Marc Cawkill,Teacher,72860 Vernon Park,04 Springs Hill,mcawkillhk@barnesandnoble.com,2446461260
Aurelia Ealam,Software Developer,6 Graceland Trail,051 Melvin Pass,aealamhl@umn.edu,7179966623
Carlotta Desantis,Engineer,5 Northridge Point,911 Continental Way,cdesantishm@sogou.com,2027708718
Mikkel Gillbard,Teacher,10 Cherokee Plaza,828 Paget Hill,mgillbardhn@google.com.br,2129175286
Dorene Liddyard,Psychiatrist,18673 Sheridan Park,844 Nelson Point,dliddyardho@myspace.com,4392967216
Adrienne Ouldcott,Software Developer,3689 Blackbird Crossing,25 John Wall Avenue,aouldcotthp@mozilla.org,7006870101
Deborah Cardnell,Engineer,8 Milwaukee Avenue,2 Anzinger Street,dcardnellhq@walmart.com,8393051242
Anastasia Shard,Psychiatrist,90 Algoma Junction,407 Laurel Plaza,ashardhr@noaa.gov,2978012985
Eddie Sturridge,Teacher,2 Armistice Avenue,8813 Johnson Parkway,esturridgehs@reddit.com,1359356678
Ewan Mapham,Financial Analyst,17144 Pleasure Crossing,5 Petterle Center,emaphamht@state.tx.us,1047413113
Ray Armstead,Engineer,29 Mesta Street,338 Merry Park,rarmsteadhu@ucla.edu,3622353560
Mabel Muddle,Teacher,15361 Bunker Hill Trail,1420 Summit Point,mmuddlehv@fotki.com,4743992169
Debera Lidster,Software Developer,02499 Clyde Gallagher Point,7372 Helena Center,dlidsterhw@goodreads.com,8272937780
Jake Castelot,Teacher,44332 Lerdahl Center,05 Harper Junction,jcastelothx@cornell.edu,2615856302
Marlyn Denniss,Lawyer,436 Morning Center,23 Fordem Drive,mdennisshy@apple.com,2362849245
Arv Middle,Software Developer,6622 Grim Street,2 Almo Trail,amiddlehz@reddit.com,2996600898
Barn Saur,Software Developer,03624 Emmet Plaza,0 Karstens Crossing,bsauri0@answers.com,3871098964
Nataniel Oxe,Teacher,452 Derek Street,26294 Steensland Way,noxei1@gnu.org,8014386300
Herve Gawith,Financial Analyst,82642 Main Way,80513 Cody Place,hgawithi2@discuz.net,1413098422
Elonore Filimore,Doctor,177 Declaration Avenue,1 Meadow Ridge Alley,efilimorei3@wp.com,4969061363
Jodi Trow,Lawyer,56 Graedel Center,3078 Browning Junction,jtrowi4@nature.com,6168413703
Crissy Zannotelli,Financial Analyst,288 Sutherland Way,35 Stuart Plaza,czannotellii5@scribd.com,3521508949
Liva Venny,Psychiatrist,7094 Upham Drive,2 Hanover Pass,lvennyi6@senate.gov,9824770721
Donni Kippins,Teacher,3047 Sherman Drive,1 Buell Point,dkippinsi7@pcworld.com,5162513118
Bud Skokoe,Psychiatrist,0 Continental Center,1 Hintze Terrace,bskokoei8@google.pl,9462222758
Stacee Van den Velde,Lawyer,3 Fairfield Lane,73740 Springs Way,svani9@sourceforge.net,9038635617
Lavinia Pellamonuten,Financial Analyst,88222 Walton Center,5347 Garrison Point,lpellamonutenia@trellian.com,1312653773
Eleanora Straine,Teacher,13 Golf Hill,565 Little Fleur Place,estraineib@aol.com,4822163888
Wain McCallam,Lawyer,1604 Sutteridge Court,6738 Onsgard Parkway,wmccallamic@unblog.fr,9305861268
Skipton Kloska,Lawyer,1682 Summit Center,13966 Mesta Drive,skloskaid@hao123.com,4607214170
Claybourne Le Maitre,Engineer,89179 American Junction,3 Paget Way,cleie@arizona.edu,7251086338
Tommy Wince,Lawyer,7 Debs Park,689 Packers Terrace,twinceif@canalblog.com,4823496003
Reade Karczinski,Lawyer,859 Sommers Alley,16 Mesta Way,rkarczinskiig@privacy.gov.au,2375685446
Petra Entres,Financial Analyst,1 Springs Junction,5309 Glacier Hill Center,pentresih@cbc.ca,1735964380
Ashia Denerley,Financial Analyst,8952 Garrison Way,96553 Chive Street,adenerleyii@jalbum.net,2322269751
Gaby Peteri,Psychiatrist,1 Arrowood Court,09 Farwell Plaza,gpeteriij@amazon.com,1146812546
Artemis Pardey,Lawyer,0 Donald Terrace,3 Carioca Crossing,apardeyik@altervista.org,3393822780
Darren Kearsley,Software Developer,6 John Wall Circle,96264 Anhalt Hill,dkearsleyil@yellowpages.com,3366600545
Sonja Smorthit,Teacher,0728 Buell Street,2529 Jana Circle,ssmorthitim@about.me,2964408623
Jerad McCarrison,Software Developer,8 Forest Dale Alley,52 Atwood Center,jmccarrisonin@phpbb.com,2326490380
Judy Rylstone,Financial Analyst,00 Atwood Avenue,2 Havey Center,jrylstoneio@businesswire.com,3749883789
Ricki Valerio,Teacher,456 Buhler Hill,9960 Garrison Way,rvalerioip@dailymail.co.uk,1568877575
Augusto Pool,Software Developer,678 Bunting Way,722 Norway Maple Terrace,apooliq@army.mil,9984753912
Rebeka Hubbock,Teacher,975 Bartillon Center,8319 Delaware Park,rhubbockir@stumbleupon.com,1513756672
Latia Biers,Doctor,9 Haas Point,4989 Novick Trail,lbiersis@hao123.com,7069764089
Edyth Wines,Financial Analyst,1620 Sommers Lane,82 Arrowood Street,ewinesit@yellowbook.com,3039468113
Brett Kybbye,Teacher,52752 Cordelia Lane,41 Main Point,bkybbyeiu@patch.com,6736163502
Patty Catenot,Psychiatrist,3054 Mesta Crossing,354 Scoville Drive,pcatenotiv@4shared.com,2723570990
Dar Aisman,Teacher,47 Steensland Park,6 Superior Circle,daismaniw@jalbum.net,7511629303
Tiffani Shearn,Financial Analyst,64 Shelley Hill,51851 Mariners Cove Junction,tshearnix@about.com,3324521508
Mora Gerkens,Software Developer,03167 Bluestem Point,5424 Towne Parkway,mgerkensiy@jiathis.com,5406916647
Elva Pearlman,Engineer,9114 Pleasure Crossing,3618 Merrick Circle,epearlmaniz@cnn.com,2999377699
Marleen Cocks,Financial Analyst,32 Duke Center,06815 Bayside Street,mcocksj0@stanford.edu,2737878715
Dani Tschierasche,Lawyer,674 Dexter Alley,3 Myrtle Plaza,dtschieraschej1@skype.com,9778082071
Alvy Beadnell,Software Developer,55 Hollow Ridge Court,81202 Anderson Park,abeadnellj2@etsy.com,5136640109
Kayle Basford,Doctor,6673 Annamark Lane,67 Atwood Hill,kbasfordj3@imgur.com,9031395781
Homere Bulcroft,Doctor,6 Mitchell Park,97122 Holmberg Trail,hbulcroftj4@usa.gov,8201381593
Phil Grain,Engineer,61401 Blue Bill Park Lane,45 Jay Court,pgrainj5@un.org,4123694498
Karleen Gate,Teacher,4 Vera Park,3126 Bobwhite Drive,kgatej6@g.co,3931007984
Farrand Easen,Engineer,24763 Westend Trail,1 Nelson Place,feasenj7@google.co.jp,9321814779
Angie Yukhnevich,Software Developer,23235 Huxley Plaza,911 David Way,ayukhnevichj8@census.gov,2193866171
Molli Kilshaw,Engineer,35464 Hollow Ridge Park,390 Ronald Regan Point,mkilshawj9@networkadvertising.org,1958323279
Murvyn Aubray,Software Developer,88 Oakridge Plaza,4 Surrey Terrace,maubrayja@pinterest.com,2449863906
Agatha Dagwell,Psychiatrist,336 Buena Vista Avenue,050 Hanover Parkway,adagwelljb@cmu.edu,1579630580
Lilian Morewood,Software Developer,39 Nevada Street,6 Tennessee Point,lmorewoodjc@economist.com,6442299005
Isidoro Brolan,Engineer,8780 Sutherland Crossing,3815 Forest Run Crossing,ibrolanjd@photobucket.com,7228143178
Bald Slite,Engineer,65 Kennedy Place,283 Elgar Junction,bsliteje@scientificamerican.com,2874780498
Waite Lavell,Software Developer,492 Kinsman Crossing,24044 Sutherland Street,wlavelljf@hao123.com,9006122480
Elena Scotford,Software Developer,759 Eastwood Point,561 Carberry Crossing,escotfordjg@naver.com,1796898385
Ozzie Packman,Software Developer,820 Pine View Junction,46 Mendota Terrace,opackmanjh@issuu.com,1981706461
Griz Mugridge,Engineer,6193 Claremont Pass,00537 Nancy Crossing,gmugridgeji@so-net.ne.jp,5836588692
Terrill Ager,Software Developer,54 Shelley Way,1100 Katie Street,tagerjj@hhs.gov,2925285105
Alyssa Haughin,Engineer,18 Kennedy Court,625 Eggendart Street,ahaughinjk@cornell.edu,6997086782
Billye Josland,Teacher,9127 Schiller Park,051 Menomonie Way,bjoslandjl@cbc.ca,4605678797
Marillin Valance,Doctor,1276 Dunning Trail,5 Morning Avenue,mvalancejm@bigcartel.com,6542512516
Lyle Avrashin,Teacher,82 Mayfield Lane,1 Judy Pass,lavrashinjn@biglobe.ne.jp,7456956952
Druci Januszewski,Financial Analyst,80887 Fallview Parkway,8 Wayridge Place,djanuszewskijo@wufoo.com,8287526350
Janela Linke,Engineer,055 Crescent Oaks Avenue,2 Morrow Court,jlinkejp@un.org,6141713173
Auberta Kidby,Teacher,78725 Warner Trail,7 Hayes Circle,akidbyjq@imageshack.us,4746318105
Elliott Maynard,Engineer,88451 Di Loreto Crossing,90 Melby Pass,emaynardjr@themeforest.net,4716904257
Marshal Betje,Teacher,0309 Graceland Court,93 Warner Parkway,mbetjejs@hao123.com,3886809064
Loree Noir,Financial Analyst,87264 Chive Circle,30803 Bellgrove Crossing,lnoirjt@amazon.co.uk,1543499219
Constantina Patterson,Financial Analyst,90 Spenser Point,667 Pierstorff Trail,cpattersonju@flickr.com,3124947677
Devinne Couser,Financial Analyst,910 Lien Street,8052 Steensland Street,dcouserjv@mozilla.org,7537545650
Galven Starbucke,Software Developer,46 Randy Terrace,1538 Arrowood Park,gstarbuckejw@columbia.edu,6442055982
Frank Skeats,Software Developer,53451 Dixon Center,92 Eliot Hill,fskeatsjx@1und1.de,1987043586
Cayla Curran,Lawyer,3273 Bashford Pass,3062 Merry Center,ccurranjy@businessweek.com,5159103382
Cacilie Mityakov,Lawyer,6601 Jay Park,7525 Clove Hill,cmityakovjz@squidoo.com,5609548634
Carter Natalie,Engineer,8 Morrow Junction,97 Express Circle,cnataliek0@simplemachines.org,8486980438
Kyle Bolesma,Doctor,778 Oxford Terrace,196 Cherokee Road,kbolesmak1@wsj.com,1226256462
Coletta Lilie,Software Developer,31188 Pennsylvania Trail,02 Montana Hill,cliliek2@yelp.com,7732569344
Charleen Steckings,Psychiatrist,301 Butternut Circle,0 Colorado Way,csteckingsk3@nyu.edu,4156226292
Peggi Bain,Psychiatrist,941 Sage Pass,50110 Arkansas Circle,pbaink4@simplemachines.org,8558943820
Verene Hinkley,Psychiatrist,4 Marquette Road,2 Summit Pass,vhinkleyk5@shutterfly.com,6314894764
Lanni Gibbard,Software Developer,8068 Grover Way,616 Grayhawk Crossing,lgibbardk6@webeden.co.uk,9799090941
Caroline Jillett,Software Developer,85 Charing Cross Trail,9 Homewood Lane,cjillettk7@icio.us,5175455361
Modestine Nardi,Software Developer,3 Fairfield Circle,9106 Amoth Court,mnardik8@earthlink.net,8828225997
Ferne Buglass,Teacher,86 Brickson Park Pass,1 Meadow Vale Road,fbuglassk9@tumblr.com,1936164619
Priscilla Heisman,Psychiatrist,5 Di Loreto Drive,13155 Lerdahl Court,pheismanka@csmonitor.com,2201376964
Rosy Ewestace,Psychiatrist,23861 Pleasure Crossing,7 Rigney Terrace,rewestacekb@photobucket.com,4168057472
Daniela Thominga,Financial Analyst,35253 Carpenter Terrace,2275 Manitowish Court,dthomingakc@diigo.com,6741511901
Orly Sclater,Doctor,11405 Norway Maple Junction,47 Talisman Alley,osclaterkd@godaddy.com,8782873454
Natalee Mound,Doctor,0355 Nancy Alley,81952 Granby Pass,nmoundke@nasa.gov,7901098195
George Biggs,Psychiatrist,92435 Browning Alley,4 Lukken Place,gbiggskf@businessinsider.com,6499759734
Valentia Standish,Lawyer,8507 Duke Way,7061 Portage Junction,vstandishkg@whitehouse.gov,7346013920
Annabel Donoher,Lawyer,86059 Schiller Pass,1720 Rockefeller Road,adonoherkh@prweb.com,2155354749
Rochelle Drummond,Doctor,2 Milwaukee Parkway,6 International Trail,rdrummondki@webeden.co.uk,5582527006
Briant Dana,Software Developer,2997 Vera Lane,07 Lillian Plaza,bdanakj@hp.com,1935601781
Muffin Henker,Lawyer,1148 Hudson Alley,8 Hooker Avenue,mhenkerkk@reuters.com,7131490018
Dimitri Danko,Software Developer,88 Florence Point,1 Oakridge Junction,ddankokl@wordpress.org,1978675535
Adeline Outerbridge,Financial Analyst,3 Reinke Point,07 Logan Hill,aouterbridgekm@deviantart.com,2209495067
Helge Duffield,Psychiatrist,70 Linden Crossing,8124 Linden Drive,hduffieldkn@java.com,2586925744
Fleurette Gilder,Engineer,239 Nobel Pass,5 Maryland Parkway,fgilderko@reverbnation.com,7154786864
Barri Speere,Lawyer,097 Bultman Point,4579 Sugar Junction,bspeerekp@ebay.co.uk,2294924398
Dorey Steers,Teacher,61617 Judy Road,2916 Vermont Road,dsteerskq@vinaora.com,7838542479
Bordy Tuerena,Lawyer,63748 Norway Maple Parkway,1 Sachtjen Terrace,btuerenakr@theguardian.com,9522194952
Nicholas Weson,Engineer,470 Shasta Alley,24 Bonner Center,nwesonks@biblegateway.com,3772767625
Dulce Manger,Financial Analyst,20467 Tony Way,1 Nancy Plaza,dmangerkt@acquirethisname.com,9211026324
Bancroft Haste,Psychiatrist,838 Glendale Crossing,419 Meadow Ridge Avenue,bhasteku@mlb.com,5648823125
Grayce Cankett,Teacher,7359 Arkansas Terrace,6 7th Way,gcankettkv@wix.com,6984196101
Mikol Kitteridge,Lawyer,1368 Mariners Cove Circle,913 Norway Maple Plaza,mkitteridgekw@t-online.de,7206434305
Lauree Maffulli,Engineer,36538 Porter Place,656 Merchant Pass,lmaffullikx@wisc.edu,3372886949
Micki Fanton,Software Developer,34690 Emmet Lane,56 Corscot Street,mfantonky@sohu.com,1643423071
Craig Brislawn,Teacher,78711 Village Green Road,13 Knutson Court,cbrislawnkz@theglobeandmail.com,8768832813
Claudia Bischof,Psychiatrist,2172 Annamark Center,1 Thompson Hill,cbischofl0@nih.gov,9625124194
Norrie Idale,Teacher,52874 Washington Lane,330 Nancy Terrace,nidalel1@irs.gov,4255353338
Evie Dahlen,Software Developer,057 Golf View Parkway,12 Morningstar Lane,edahlenl2@wikia.com,3795557438
Dolly Strasse,Software Developer,2 Express Crossing,99 Lake View Park,dstrassel3@dailymotion.com,6072837664
Jaclyn Jervois,Teacher,4 Waxwing Drive,578 Macpherson Avenue,jjervoisl4@deviantart.com,8797291299
Hadley Mullaney,Teacher,6 Onsgard Court,24224 7th Place,hmullaneyl5@studiopress.com,4875727089
Imogen Maddison,Financial Analyst,3 Gina Alley,2655 Helena Circle,imaddisonl6@bigcartel.com,3373929139
Anson Pickersgill,Financial Analyst,5 Melvin Way,77 Derek Crossing,apickersgilll7@t-online.de,6047391656
Quentin Gores,Software Developer,101 Prairie Rose Center,7 Nobel Street,qgoresl8@irs.gov,4553633180
Rhea Aronoff,Teacher,185 Stuart Crossing,180 Union Terrace,raronoffl9@ft.com,6249817141
Carmencita Romaine,Psychiatrist,02752 Summerview Lane,28422 Oak Valley Road,cromainela@dyndns.org,8114079015
Ingemar Towlson,Teacher,32345 West Alley,4 Pine View Circle,itowlsonlb@google.co.jp,3498366755
Brander Yashunin,Teacher,5 Prairie Rose Trail,720 Harbort Way,byashuninlc@mozilla.org,9158488450
Ashley Medlar,Software Developer,83 Artisan Crossing,2 Sommers Crossing,amedlarld@jugem.jp,8138493591
Randie Steiner,Financial Analyst,94 Farmco Park,257 Weeping Birch Place,rsteinerle@live.com,8178590285
Andras Norres,Psychiatrist,7 Fallview Park,46 Summer Ridge Crossing,anorreslf@answers.com,7767215399
Winonah Branney,Financial Analyst,23496 Eliot Crossing,9 Macpherson Terrace,wbranneylg@ftc.gov,6558553336
Berty Trew,Psychiatrist,8192 La Follette Parkway,0 Dottie Crossing,btrewlh@over-blog.com,1787565481
Arnold Tommei,Lawyer,7 Brentwood Crossing,063 Commercial Plaza,atommeili@wordpress.org,5577090272
Mead Dobney,Lawyer,17391 Claremont Crossing,7606 Melody Drive,mdobneylj@booking.com,2107991368
Jacqui Perree,Software Developer,82220 Derek Drive,02523 Walton Avenue,jperreelk@usa.gov,8283321938
Burton Casaroli,Software Developer,081 Hagan Hill,1101 Logan Avenue,bcasarolill@squarespace.com,2233867223
Anastassia Swidenbank,Doctor,8 Helena Avenue,69730 Aberg Crossing,aswidenbanklm@dyndns.org,9743541991
Keri Kubanek,Lawyer,6 Lakewood Gardens Park,43 Everett Court,kkubanekln@loc.gov,2773040885
Mamie Andrea,Engineer,6730 Del Mar Park,7 Hooker Point,mandrealo@angelfire.com,6825284309
Dud Skipsea,Lawyer,7 Park Meadow Plaza,5 Forster Terrace,dskipsealp@elpais.com,1736450299
Janaya Siegertsz,Teacher,1 Summit Parkway,7006 Village Terrace,jsiegertszlq@cargocollective.com,8291398295
Melissa Pfaff,Psychiatrist,20 Hoard Junction,90 Nancy Junction,mpfafflr@microsoft.com,5128686206
Jacklyn Scaysbrook,Psychiatrist,788 Forest Avenue,40798 Comanche Place,jscaysbrookls@sciencedirect.com,5688217841
Torin Traves,Psychiatrist,06576 David Junction,396 Del Mar Road,ttraveslt@tinypic.com,6722657819
Howie Cunniam,Lawyer,7022 Pleasure Way,71171 Forest Dale Trail,hcunniamlu@discovery.com,5803996160
Adel Lippett,Financial Analyst,73268 Knutson Circle,00 Golden Leaf Terrace,alippettlv@tmall.com,1759385797
Woody Cocklie,Psychiatrist,4 Marquette Way,6315 4th Plaza,wcocklielw@answers.com,1881161579
Moina Batalle,Psychiatrist,1 Petterle Parkway,4 Crownhardt Street,mbatallelx@slideshare.net,6943662671
Quentin MacCaull,Doctor,5488 Prentice Avenue,178 Heffernan Drive,qmaccaullly@mozilla.com,3514710126
Andie Clausner,Teacher,09 Talisman Center,6 West Pass,aclausnerlz@studiopress.com,7328900137
Ronda Pennell,Lawyer,79092 Maywood Road,69179 Kings Court,rpennellm0@pagesperso-orange.fr,4229541485
Germain Gritland,Engineer,08 Stephen Point,106 Moulton Pass,ggritlandm1@usa.gov,8834644164
Shelbi Twohig,Financial Analyst,5130 Namekagon Point,4 Manufacturers Alley,stwohigm2@harvard.edu,2904469027
Karoly Fursey,Engineer,1 Steensland Street,57204 Lake View Court,kfurseym3@admin.ch,3949497833
Pail Pitkeathley,Doctor,5415 Victoria Hill,26273 Nevada Lane,ppitkeathleym4@google.fr,3712791983
Misty McArtan,Engineer,42 Morningstar Trail,8 Welch Lane,mmcartanm5@java.com,2369754722
Luci Wiggam,Teacher,620 Lakewood Terrace,40 Crest Line Center,lwiggamm6@addthis.com,9911212233
Lacee Flowerdew,Software Developer,008 Buell Alley,88 Maywood Park,lflowerdewm7@oaic.gov.au,8992049019
Terri Bloore,Doctor,913 Raven Avenue,0153 Porter Alley,tbloorem8@mysql.com,7319039974
Tamar Visco,Financial Analyst,2198 Gina Place,14307 Scott Way,tviscom9@nba.com,8971958015
Mallory Gumm,Lawyer,6 Briar Crest Crossing,956 Darwin Plaza,mgummma@prnewswire.com,6858061961
Agustin Habert,Teacher,8 Annamark Lane,2225 Mitchell Junction,ahabertmb@utexas.edu,6285770412
Gilberta Pickerill,Engineer,804 Pond Plaza,7 Moose Junction,gpickerillmc@cnbc.com,5185402344
Matt Dennitts,Doctor,93458 Express Place,5789 Bunker Hill Circle,mdennittsmd@forbes.com,8391923878
Corey Hawkyens,Psychiatrist,61 5th Street,318 Thierer Point,chawkyensme@yelp.com,7478172201
Teddie Karys,Engineer,06967 Holmberg Hill,78 Mendota Place,tkarysmf@flickr.com,8124396353
Dorella Spalding,Engineer,5 Eastwood Junction,831 Annamark Parkway,dspaldingmg@woothemes.com,5663563078
Sumner Murt,Teacher,63437 Pine View Junction,3269 Grover Hill,smurtmh@istockphoto.com,4012703942
Cordula Henze,Lawyer,47744 Mayer Crossing,3415 Shelley Hill,chenzemi@blinklist.com,4994449108
Elie Gouldeby,Psychiatrist,39 Northfield Court,932 Northfield Junction,egouldebymj@ebay.com,2692386279
Katha Cordingly,Teacher,1417 Roth Place,8135 Mendota Circle,kcordinglymk@reference.com,8343873535
Dot Etty,Lawyer,47529 Bowman Plaza,9 Canary Hill,dettyml@mozilla.org,2087074663
Arlen Beadnell,Teacher,7 Eastwood Center,8 Namekagon Trail,abeadnellmm@theguardian.com,6465779353
Krystyna Lefeuvre,Lawyer,72 Eagle Crest Parkway,0 Colorado Trail,klefeuvremn@bizjournals.com,3954983384
Si Jarlmann,Software Developer,8470 West Road,4 Monument Crossing,sjarlmannmo@arizona.edu,8678912414
Tory Skinn,Teacher,4 Acker Place,86815 Rieder Park,tskinnmp@goodreads.com,7389438769
Burk Freeman,Teacher,9 Bashford Circle,04966 Bonner Place,bfreemanmq@craigslist.org,2014355648
Drona Dy,Psychiatrist,7805 Northfield Terrace,09 Division Point,ddymr@devhub.com,8138360191
Godfry Cosh,Financial Analyst,24 Fisk Court,598 Jenifer Circle,gcoshms@surveymonkey.com,6656793275
Sunny Gladyer,Software Developer,0 Sugar Drive,64214 Rusk Crossing,sgladyermt@plala.or.jp,9793257759
Ermengarde Eley,Lawyer,64 Grasskamp Alley,54723 Moulton Crossing,eeleymu@amazon.co.jp,6253627182
Marthe Ilyukhov,Doctor,8 Declaration Drive,15697 Loeprich Center,milyukhovmv@guardian.co.uk,3186240013
Vally Desorts,Psychiatrist,67974 6th Point,1 Karstens Way,vdesortsmw@apple.com,9291083144
Danyette Kares,Psychiatrist,31 Northport Crossing,03 Sauthoff Terrace,dkaresmx@liveinternet.ru,6963787197
Duke Luipold,Financial Analyst,67 Rockefeller Drive,7012 Ramsey Plaza,dluipoldmy@prnewswire.com,3765887534
Delmer Efford,Software Developer,4 Sullivan Crossing,64991 Continental Plaza,deffordmz@answers.com,2323454075
Myrtice Trowl,Doctor,0 Browning Alley,9 Hovde Place,mtrowln0@ibm.com,3633441494
Sollie Finicj,Teacher,4 Di Loreto Alley,5 Cherokee Lane,sfinicjn1@cornell.edu,1128809478
Sasha Breazeall,Financial Analyst,1482 Victoria Center,3397 Hoard Lane,sbreazealln2@networksolutions.com,4334269527
Kellen Drexel,Lawyer,1 Sage Way,48 Erie Way,kdrexeln3@prlog.org,2655302940
Levy Assard,Engineer,59 La Follette Trail,44 Hoard Avenue,lassardn4@examiner.com,1237077736
Alexandrina Bredgeland,Teacher,7493 Melrose Plaza,855 Waxwing Parkway,abredgelandn5@tamu.edu,1113179379
Mel Harrild,Engineer,1 Sugar Hill,73 Badeau Crossing,mharrildn6@skyrock.com,1229403462
Iris Huntly,Lawyer,1346 Barby Circle,508 Cordelia Way,ihuntlyn7@scribd.com,8585988807
Guillema De Ambrosi,Engineer,7175 Eastlawn Point,00 Badeau Plaza,gden8@vimeo.com,5393249798
Giacopo Wortley,Psychiatrist,3 Elka Avenue,8897 Clove Pass,gwortleyn9@newyorker.com,1712404965
Louis Quilter,Doctor,9302 Clove Avenue,21 Fuller Junction,lquilterna@ehow.com,1864182347
Ford Romand,Doctor,57715 Saint Paul Court,841 Redwing Point,fromandnb@kickstarter.com,6461412952
Lari Antrag,Doctor,7473 Continental Avenue,4 American Junction,lantragnc@geocities.com,1171107812
Gerladina Pomfrey,Engineer,8 Di Loreto Place,9889 3rd Plaza,gpomfreynd@cam.ac.uk,9895777168
Rosette Ottery,Doctor,67 Oriole Terrace,96963 Swallow Trail,rotteryne@ifeng.com,2672990556
Tiertza Ludwikiewicz,Lawyer,55 Donald Circle,9 Coleman Pass,tludwikiewicznf@jimdo.com,9274231049
Honoria Elders,Software Developer,15 Continental Junction,1378 Mandrake Lane,heldersng@w3.org,6435707791
Gabbie Haddrill,Financial Analyst,24 Reindahl Drive,6121 8th Crossing,ghaddrillnh@comsenz.com,4277393504
Jill Ovize,Software Developer,7364 Arrowood Place,99 Mallory Pass,jovizeni@webs.com,2807216366
Bevon Mockes,Software Developer,51072 Eastwood Trail,453 Manitowish Way,bmockesnj@mail.ru,2285342719
Elmer Tibb,Lawyer,3 Schiller Terrace,2282 Independence Pass,etibbnk@ask.com,1556176389
Augustine Piquard,Engineer,1421 Spohn Avenue,16 Stang Park,apiquardnl@sphinn.com,9236142229
Ellwood Philpin,Doctor,47904 Fairview Parkway,79683 Sheridan Trail,ephilpinnm@chron.com,2026814914
Holt Strathdee,Psychiatrist,080 Russell Alley,8 Parkside Place,hstrathdeenn@house.gov,7777004353
Aundrea McCrainor,Financial Analyst,39979 Trailsway Point,44 Vermont Street,amccrainorno@trellian.com,7285210620
Micky Bixley,Doctor,5473 Hermina Way,91 Scofield Junction,mbixleynp@list-manage.com,6978267019
Theda Leverette,Psychiatrist,7641 Novick Park,38 Bashford Point,tleverettenq@wiley.com,7887708670
Dunstan Purton,Engineer,7 Talmadge Way,21770 Bellgrove Parkway,dpurtonnr@cyberchimps.com,1739016729
Jamie Carnier,Financial Analyst,6895 Ludington Drive,45 Division Place,jcarnierns@webnode.com,3293062653
Murdock MacMillan,Lawyer,56 Mesta Street,9001 Gerald Way,mmacmillannt@altervista.org,7759717502
Tessie Brockton,Financial Analyst,6 Holy Cross Pass,01 Waxwing Junction,tbrocktonnu@gravatar.com,9988578315
Edsel Willcock,Lawyer,892 Dayton Place,794 Harbort Circle,ewillcocknv@salon.com,6896926305
Albert Denning,Doctor,9 Hudson Plaza,2 Pearson Pass,adenningnw@fda.gov,3318898278
Rosabella McClurg,Engineer,06800 Independence Lane,9503 Manufacturers Junction,rmcclurgnx@wsj.com,1049081687
Shaun Sugg,Psychiatrist,7771 Burrows Junction,424 Dryden Plaza,ssuggny@fotki.com,7724484908
Tris Soggee,Lawyer,0 Glacier Hill Circle,41086 Westport Center,tsoggeenz@bandcamp.com,1043705748
Alberta Worthington,Teacher,040 Shoshone Avenue,55 Becker Court,aworthingtono0@yale.edu,2015810600
Arleyne Stihl,Financial Analyst,35919 Sugar Alley,9770 Tennessee Point,astihlo1@phpbb.com,2284139614
Matti Govan,Software Developer,846 Maple Pass,185 Delladonna Terrace,mgovano2@friendfeed.com,2416289258
Hogan Fanton,Psychiatrist,6 Stone Corner Point,676 Surrey Junction,hfantono3@globo.com,4151496990
Leilah Biggs,Psychiatrist,5019 Truax Point,78269 Farragut Point,lbiggso4@hugedomains.com,8723616136
Beryl Stocky,Software Developer,210 Scofield Circle,2706 Aberg Alley,bstockyo5@wikia.com,5005044024
Terry Ponter,Financial Analyst,6382 Artisan Crossing,2224 Ronald Regan Court,tpontero6@list-manage.com,5838676434
Bari Battaille,Software Developer,66 Westport Crossing,6353 8th Lane,bbattailleo7@marketwatch.com,1363542463
Gayla Burlingham,Software Developer,978 Continental Avenue,2191 Rowland Parkway,gburlinghamo8@ifeng.com,2143320567
Arley Kilgour,Financial Analyst,160 Canary Pass,23437 Grasskamp Terrace,akilgouro9@cdc.gov,9999861872
Jessey Di Gregorio,Lawyer,86249 Toban Lane,0 Mariners Cove Circle,jdioa@liveinternet.ru,2608648789
Florella Botterell,Lawyer,243 Reindahl Junction,0 Shasta Trail,fbotterellob@photobucket.com,1021805307
Margot Ziehms,Software Developer,6 Mitchell Circle,999 Prentice Park,mziehmsoc@cafepress.com,1371666410
Rog Bascomb,Psychiatrist,607 Lighthouse Bay Way,69 Heffernan Plaza,rbascombod@google.com,8904741516
Leodora Menlove,Lawyer,3 Moland Court,79 Eagle Crest Point,lmenloveoe@indiegogo.com,7517354672
Ernie Josefsson,Lawyer,6136 Ludington Park,41 Delladonna Plaza,ejosefssonof@amazon.de,1459585644
Colas de Quincey,Lawyer,17 Pennsylvania Street,40959 1st Center,cdeog@hp.com,5349443902
Celene Lissandri,Engineer,84 Onsgard Parkway,36474 Morning Terrace,clissandrioh@archive.org,4501343409
Hillie Vance,Financial Analyst,3616 5th Road,7 Del Sol Road,hvanceoi@chronoengine.com,9371767646
Phylis Silmon,Psychiatrist,7 Fulton Pass,8 Kingsford Parkway,psilmonoj@oakley.com,6287212970
Dru Deschelle,Engineer,1350 Kedzie Avenue,47412 Florence Road,ddeschelleok@people.com.cn,9363398636
Vonny Strase,Psychiatrist,70 Charing Cross Drive,71 Gulseth Avenue,vstraseol@huffingtonpost.com,5999467310
Gianni Oloshin,Engineer,7 American Ash Terrace,1 Harbort Plaza,goloshinom@blogtalkradio.com,9199530527
Mira Pitherick,Software Developer,15 Ryan Terrace,58 Ridgeway Court,mpitherickon@ft.com,3803660509
Clarissa Portinari,Engineer,76 Judy Drive,998 Sloan Alley,cportinarioo@bing.com,5472062716
Jerrine Cammock,Teacher,23 Scott Street,527 Kenwood Junction,jcammockop@github.com,3094542193
Jude Given,Teacher,42 Marquette Lane,63552 Esker Parkway,jgivenoq@liveinternet.ru,2541678302
Berky Abade,Financial Analyst,6 Merry Circle,251 Nevada Parkway,babadeor@google.es,2781597628
Vidovik Gwyllt,Psychiatrist,2426 Swallow Pass,54 Meadow Ridge Avenue,vgwylltos@about.me,1493169065
Valentine McCuffie,Software Developer,8 South Way,7991 Londonderry Crossing,vmccuffieot@furl.net,3155089509
Darcee Rickert,Lawyer,10242 Fisk Junction,892 Longview Place,drickertou@marriott.com,4087398604
Ellynn Moth,Psychiatrist,54 Bluestem Plaza,880 Dayton Park,emothov@tuttocitta.it,8816502382
Luelle Aulton,Lawyer,68718 Grasskamp Terrace,5 Toban Park,laultonow@yahoo.co.jp,8264322718
Astrix Bartoszinski,Engineer,08411 Parkside Place,02923 Dennis Center,abartoszinskiox@hexun.com,3459633609
Alfreda Errett,Psychiatrist,165 Sage Parkway,59 Northwestern Road,aerrettoy@arstechnica.com,3547627912
Cathie Wisden,Financial Analyst,369 Eagan Circle,3835 Magdeline Avenue,cwisdenoz@pinterest.com,7542093250
Kalina Tiron,Software Developer,3037 Norway Maple Terrace,48262 Manufacturers Circle,ktironp0@walmart.com,1903296557
Katherine Lorimer,Lawyer,45466 Corben Lane,087 Doe Crossing Pass,klorimerp1@psu.edu,5656642478
Barney Taffrey,Lawyer,93397 Little Fleur Parkway,52853 Oakridge Plaza,btaffreyp2@sakura.ne.jp,3476470341
Darwin Eaton,Doctor,2 School Alley,84901 4th Drive,deatonp3@tinypic.com,8146796610
Janeczka Letteresse,Financial Analyst,38 Schiller Park,442 Continental Parkway,jletteressep4@apache.org,9429830215
Sawyer Hatfield,Psychiatrist,30639 Red Cloud Terrace,981 Steensland Pass,shatfieldp5@hugedomains.com,5194659696
Gilbert Shippey,Teacher,85 Sachtjen Center,4 Glendale Point,gshippeyp6@forbes.com,9718302443
Felike Garmston,Financial Analyst,81642 Victoria Parkway,39712 Northland Point,fgarmstonp7@reuters.com,8839081109
Dario Kantor,Lawyer,2759 Cardinal Center,255 Debra Road,dkantorp8@homestead.com,6953670501
Sawyere Adamek,Software Developer,26241 Crownhardt Trail,234 Basil Center,sadamekp9@about.me,7932330856
Sheffield Angeli,Engineer,8492 Pepper Wood Terrace,9 Meadow Vale Junction,sangelipa@aol.com,2448937446
Zonda Watkiss,Psychiatrist,7 Toban Drive,9986 Longview Avenue,zwatkisspb@newyorker.com,7513074580
Gillian Barts,Doctor,60754 Tennessee Circle,3748 Hudson Avenue,gbartspc@virginia.edu,2297164497
Ilaire Luciani,Financial Analyst,1788 Lawn Road,966 Continental Terrace,ilucianipd@studiopress.com,6605580456
Raleigh MacDuff,Teacher,45617 Corscot Crossing,17 Brentwood Trail,rmacduffpe@ustream.tv,2174998285
Natty Parell,Engineer,16 Pearson Way,23886 Dapin Way,nparellpf@hao123.com,9438026593
Trixi Fricke,Software Developer,0 Fieldstone Avenue,8 Kingsford Pass,tfrickepg@altervista.org,9853584707
Pepita MacCurlye,Engineer,0347 Birchwood Place,5937 Northfield Avenue,pmaccurlyeph@census.gov,6088907136
Florri Padson,Financial Analyst,868 Pleasure Hill,25108 Becker Place,fpadsonpi@smugmug.com,7668551311
Symon Fortnon,Psychiatrist,838 Muir Terrace,4127 Merchant Trail,sfortnonpj@imageshack.us,6011534120
Genevieve Stroband,Software Developer,7 Northridge Drive,07 Division Junction,gstrobandpk@cornell.edu,6231725301
Hollie Josiah,Doctor,48637 Banding Pass,21876 Waubesa Court,hjosiahpl@techcrunch.com,8332830760
Kelcey Marvin,Doctor,7763 Sloan Circle,40121 Goodland Place,kmarvinpm@va.gov,8808136262
Sheffy Hourihan,Lawyer,8 Lien Center,656 Twin Pines Parkway,shourihanpn@oaic.gov.au,5927202725
Celisse Sorbey,Financial Analyst,56928 Center Parkway,2 Hovde Street,csorbeypo@infoseek.co.jp,7577749235
Bentley Hofler,Teacher,45 Bellgrove Center,14942 7th Trail,bhoflerpp@wiley.com,4662117977
Bibbye Kobiera,Teacher,78760 Independence Hill,16 Lillian Pass,bkobierapq@soundcloud.com,9435860190
Lyndsay Tuckerman,Engineer,1521 Sage Junction,7549 Eagan Crossing,ltuckermanpr@merriam-webster.com,2358213073
Dulcie McCudden,Doctor,956 Fairview Terrace,1 Bluestem Street,dmccuddenps@elpais.com,4121493328
Sena Showering,Financial Analyst,10282 Algoma Park,6567 Oriole Park,sshoweringpt@cbslocal.com,1659297018
Morgen Riddler,Psychiatrist,7 Mendota Avenue,65893 Scoville Way,mriddlerpu@addtoany.com,8645222499
Yank MacLoughlin,Software Developer,2569 Spaight Trail,212 Elmside Pass,ymacloughlinpv@topsy.com,6691978059
Kristen Buckam,Financial Analyst,88 Portage Center,66385 Marquette Pass,kbuckampw@disqus.com,8503594919
Marie Alford,Teacher,793 Sachtjen Circle,17 Aberg Place,malfordpx@delicious.com,5159567832
Torrey Pellant,Engineer,50647 Bunker Hill Street,1618 Eagle Crest Hill,tpellantpy@stanford.edu,6663990015
Rey Chyuerton,Software Developer,27 Mifflin Street,9 Stone Corner Center,rchyuertonpz@github.com,9383709758
Vivyanne Battill,Teacher,41 Nancy Lane,9 Northridge Plaza,vbattillq0@forbes.com,3636524866
Goldie Abrahami,Financial Analyst,93432 South Way,45089 Donald Terrace,gabrahamiq1@freewebs.com,3977980839
Nickey Penwright,Psychiatrist,8 Golf Point,923 Birchwood Parkway,npenwrightq2@zimbio.com,3609364044
Gayla Marunchak,Psychiatrist,67 Leroy Avenue,2 Bonner Road,gmarunchakq3@dropbox.com,1697690755
Catrina O'Bradden,Doctor,47 Almo Road,62 Kropf Crossing,cobraddenq4@blogspot.com,2711741080
Amber Guenther,Engineer,975 Express Junction,420 Eagle Crest Park,aguentherq5@pen.io,5098300432
Fields Giorgeschi,Doctor,8 Graedel Road,7121 Moland Hill,fgiorgeschiq6@reddit.com,8694173229
Gwendolin Bernucci,Financial Analyst,43 Lighthouse Bay Alley,3493 Troy Center,gbernucciq7@gmpg.org,8935538876
Amelita Leeburne,Psychiatrist,878 Sommers Lane,6647 Kings Court,aleeburneq8@yahoo.co.jp,1988641253
Irv Cliffe,Financial Analyst,51534 Jana Place,7 Farragut Pass,icliffeq9@privacy.gov.au,1823363316
Lowrance Sogg,Teacher,8 Bobwhite Center,6330 Daystar Hill,lsoggqa@ovh.net,7413629960
Bellanca Berry,Software Developer,79988 Basil Street,75562 Orin Way,bberryqb@fema.gov,5846887453
Carlin Doe,Psychiatrist,10 Pearson Center,12 Kim Park,cdoeqc@ebay.co.uk,4475755235
Corrine Higgen,Lawyer,739 Rigney Crossing,51 Little Fleur Plaza,chiggenqd@php.net,5747462548
Gusti Glusby,Engineer,6494 Coleman Drive,88 Hoepker Place,gglusbyqe@myspace.com,6727412705
Lemmie Paszak,Engineer,8818 Clove Alley,4 Clove Center,lpaszakqf@1688.com,1832545042
Candice Meynell,Teacher,26139 Mitchell Crossing,89968 Cascade Center,cmeynellqg@cafepress.com,4193798901
Thebault Jolland,Psychiatrist,036 2nd Circle,44 Independence Plaza,tjollandqh@com.com,8906394700
Gaye Decent,Lawyer,1111 Gerald Point,6 Schurz Park,gdecentqi@mysql.com,8063086950
Giacomo Dripps,Lawyer,047 Tony Point,6 Shoshone Place,gdrippsqj@a8.net,3997009842
Shurlocke Houndesome,Psychiatrist,04 Acker Place,2470 Fieldstone Drive,shoundesomeqk@quantcast.com,3747129756
Martina Sconce,Financial Analyst,72 Stang Place,32 International Avenue,msconceql@elpais.com,7591630398
Ivie Gove,Doctor,2694 Express Alley,312 Thackeray Lane,igoveqm@themeforest.net,9173096969
Quentin Vouls,Teacher,7 Pawling Crossing,726 Nelson Court,qvoulsqn@goodreads.com,3232020141
Nefen Longega,Software Developer,8653 Memorial Place,317 Northport Trail,nlongegaqo@sfgate.com,3625054196
Gareth Bagley,Teacher,5973 Mesta Crossing,80469 Fuller Way,gbagleyqp@discuz.net,9039801013
Nannette Gladbach,Doctor,33044 Fuller Point,894 Trailsway Junction,ngladbachqq@narod.ru,7224713598
Cletus Stothard,Doctor,2375 Claremont Center,03 Longview Center,cstothardqr@symantec.com,7943412176
Ingelbert Swynfen,Software Developer,0 Holy Cross Alley,65756 Troy Terrace,iswynfenqs@webnode.com,9763719643
Sigfried Joule,Doctor,172 Union Court,6625 Superior Drive,sjouleqt@thetimes.co.uk,6684995700
Melva Gooderick,Software Developer,212 Sommers Park,7 Declaration Trail,mgooderickqu@mit.edu,2006356380
Herbert Owen,Engineer,4 Kipling Plaza,5 Evergreen Crossing,howenqv@virginia.edu,6598677929
Carroll Gummer,Teacher,27475 Carey Hill,4 Farwell Park,cgummerqw@seattletimes.com,2056261893
Patin Dendon,Doctor,15209 Lawn Crossing,471 Rigney Circle,pdendonqx@redcross.org,6925811985
Halley Grisbrook,Financial Analyst,432 Thompson Street,53 Judy Junction,hgrisbrookqy@constantcontact.com,9154239862
Siana Lindstrom,Doctor,6717 Logan Court,0 Hoffman Way,slindstromqz@google.co.jp,2672540108
Kathrine Kennon,Teacher,90 Mcbride Street,59576 Farragut Street,kkennonr0@simplemachines.org,9579879503
Leia Gingle,Doctor,96078 Petterle Hill,04 Brentwood Pass,lgingler1@yandex.ru,6688968371
Esma Vane,Financial Analyst,7 Vermont Avenue,25095 Kropf Point,evaner2@amazon.de,4119251513
Sigismond Couve,Lawyer,2003 Shelley Hill,620 Dunning Lane,scouver3@jiathis.com,3675725341
Roanne Ouchterlony,Psychiatrist,526 Schmedeman Lane,0285 Montana Place,rouchterlonyr4@cloudflare.com,3691579193
Brodie Clemenson,Software Developer,1 Weeping Birch Trail,67 Brickson Park Alley,bclemensonr5@w3.org,5168102925
Tessi Capron,Teacher,84 Vera Point,1844 Menomonie Avenue,tcapronr6@wisc.edu,6484540261
Mandi Eastam,Doctor,8 Chinook Lane,88372 Paget Court,meastamr7@digg.com,3014325591
Marsiella Malenoir,Teacher,2 Sundown Junction,53152 Summit Hill,mmalenoirr8@yelp.com,6113617722
Esteban Parkman,Teacher,70771 Bashford Circle,06773 Troy Point,eparkmanr9@zimbio.com,5784810291
Kennith Concannon,Psychiatrist,72 Rigney Road,7 Merrick Alley,kconcannonra@delicious.com,8132314435
Nicolis Butchart,Software Developer,3748 Columbus Pass,9854 Superior Crossing,nbutchartrb@go.com,6088439742
Constancia Sorton,Psychiatrist,98 Westerfield Hill,36 Esker Center,csortonrc@ustream.tv,5164488118
Wallis Bartolomeo,Teacher,3 Summit Avenue,3502 Merchant Lane,wbartolomeord@webmd.com,4818255101
Christabella Redhills,Lawyer,3 Marquette Trail,06 Sutteridge Crossing,credhillsre@prlog.org,4153601308
Moore Matantsev,Teacher,3 Hermina Center,17892 Sheridan Crossing,mmatantsevrf@i2i.jp,1225263166
Elvis Blease,Software Developer,95 Memorial Way,4131 Buena Vista Alley,ebleaserg@google.pl,7821838416
Jennilee Neilson,Doctor,30 Cascade Road,7087 Summer Ridge Street,jneilsonrh@edublogs.org,4823763141
Tabby Armfirld,Psychiatrist,03858 Waywood Plaza,56 Logan Court,tarmfirldri@home.pl,6511713335
Port Brend,Software Developer,9202 Northland Court,3646 Meadow Ridge Crossing,pbrendrj@oaic.gov.au,3661747918
Dalia O'Clery,Financial Analyst,9 Riverside Way,77567 Jenifer Court,docleryrk@github.io,7519454783
Babbette Nowak,Doctor,8 Texas Terrace,77163 Judy Junction,bnowakrl@youtu.be,6435844629
Clemmie Barks,Teacher,14153 Moland Hill,063 Butternut Plaza,cbarksrm@bloomberg.com,1479375850
Toddie Colbron,Engineer,73 Arapahoe Crossing,16 Elka Alley,tcolbronrn@sina.com.cn,6923631475
Bertrando Dunkley,Engineer,4882 East Drive,39 Westend Hill,bdunkleyro@usda.gov,4407526404
Lori Bridel,Financial Analyst,374 Mayer Pass,1857 Elka Circle,lbridelrp@flickr.com,6222668329
Uriah Barbera,Engineer,111 Knutson Pass,64 Bluestem Center,ubarberarq@sbwire.com,1537128524
Lyn Wasmuth,Lawyer,0 Weeping Birch Drive,6278 Spaight Road,lwasmuthrr@creativecommons.org,9314473591
